Date,Close,High,Low,Open,Volume
2015-01-02,24.19260025024414,24.659502293956603,23.754464067072234,24.648437592390618,212818400
2015-01-05,23.51106071472168,24.042134423807454,23.32518584507189,23.96247328303275,257142000
2015-01-06,23.513267517089844,23.772165309183304,23.152579204524255,23.575225789908487,263188400
2015-01-07,23.84298324584961,23.942558834690647,23.610637954237987,23.721278247722207,160423600
2015-01-08,24.75908088684082,24.816614303203295,24.05319538405384,24.170475495010283,237458000
2015-01-09,24.785633087158203,25.06002047662429,24.387327450645735,24.931677361721775,214798000
2015-01-12,24.174898147583008,24.922825738800306,24.075322583368106,24.91618759295084,198603200
2015-01-13,24.389545440673828,24.960449733893075,24.099668425353194,24.657294735965763,268367600
2015-01-14,24.296607971191406,24.449290420951467,24.00894254649171,24.12843426037142,195826400
2015-01-15,23.637189865112305,24.354138422379428,23.601785852626346,24.340862128726783,240056000
2015-01-16,23.453521728515625,23.80535863149471,23.278709915973817,23.683653670789532,314053200
2015-01-20,24.0576229095459,24.11294304990514,23.56637979303794,23.862894935009866,199599600
2015-01-21,24.241289138793945,24.57542161180635,23.958048567472943,24.10851943514098,194303600
2015-01-22,24.8719425201416,24.887432096320072,24.27891037922168,24.39840211898583,215185600
2015-01-23,25.00027847290039,25.170663761693863,24.679420647171945,24.849807624202118,185859200
2015-01-26,25.026830673217773,25.30564464790185,24.960447519022203,25.168450094718995,222460000
2015-01-27,24.150556564331055,24.88963440186182,24.126215571319666,24.8763564222506,382274800
2015-01-28,25.515853881835938,26.13765323403414,25.515853881835938,26.029224573643976,585908400
2015-01-29,26.310266494750977,26.374438078210424,25.57118833373286,25.739362080445986,337745600
2015-01-30,25.925228118896484,26.553664023772246,25.856630005500925,26.199615507769245,334982000
2015-02-02,26.250511169433594,26.370002869616926,25.68624677706615,26.122169732854424,250956400
2015-02-03,26.254947662353516,26.35230999368526,26.024815599523205,26.221755229478873,207662800
2015-02-04,26.456302642822266,26.666520183230848,26.179701948787283,26.221745794516334,280598800
2015-02-05,26.645132064819336,26.70955688169325,26.4918453731228,26.66290308386443,168984800
2015-02-06,26.420759201049805,26.71400223470758,26.31412460021994,26.662906100062138,174826400
2015-02-09,26.596263885498047,26.62292126746555,26.309685165049736,26.336344241916905,155559200
2015-02-10,27.10721778869629,27.1360988800661,26.694013099240877,26.69623341788492,248034000
2015-02-11,27.74257469177246,27.751461049965634,27.213849091024947,27.27382989020448,294247200
2015-02-12,28.09358024597168,28.320178159043575,27.89586342284208,28.004718352510146,297898000
2015-02-13,28.231313705444336,28.27574380069617,27.913633609185215,28.27574380069617,217088800
2015-02-17,28.397930145263672,28.6311923911294,28.195769306193434,28.322396946689228,252609600
2015-02-18,28.595640182495117,28.608968869421037,28.313503879969325,28.353491635646243,179566800
2015-02-19,28.535667419433594,28.664517086594802,28.509010036503504,28.542331765166118,149449600
2015-02-20,28.7689266204834,28.7689266204834,28.446804181843213,28.57343012705251,195793600
2015-02-23,29.546464920043945,29.546464920043945,28.804471802520936,28.884447331881436,283896400
2015-02-24,29.362075805664062,29.679757593961313,29.139921941606865,29.533135230131812,276912400
2015-02-25,28.611188888549805,29.235443968047832,28.46901057982743,29.22655591699116,298846800
2015-02-26,28.973308563232422,29.07327713106697,28.126902824541162,28.61119665484146,365150000
2015-02-27,28.537885665893555,29.006630434896266,28.4890115466763,28.880001110615524,248059200
2015-03-02,28.677845001220703,28.94220867411443,28.502344918685864,28.713390437364257,192386800
2015-03-03,28.737821578979492,28.773367007798193,28.455685246153877,28.6489613967314,151265200
2015-03-04,28.555652618408203,28.782250480513657,28.506781893050682,28.680061614131755,126665200
2015-03-05,28.08246421813965,28.60230332521728,27.93806390120728,28.56453758391316,226068400
2015-03-06,28.124671936035156,28.74003724242642,28.049140454377344,28.524547776086454,291368400
2015-03-09,28.244644165039062,28.784479856085543,27.78256368790519,28.42681027882651,354114000
2015-03-10,27.660375595092773,28.262412309033678,27.502646569217422,28.08246823773491,275426400
2015-03-11,27.15608787536621,27.718136880404018,27.12720848319452,27.713694548877402,275756000
2015-03-12,27.647050857543945,27.747021124712568,27.020576957239324,27.17164166982553,193450800
2015-03-13,27.455989837646484,27.858089404925604,27.231615699468243,27.635935584623006,207309200
2015-03-16,27.758127212524414,27.758127212524414,27.296048420518424,27.520422623715213,143497200
2015-03-17,28.222429275512695,28.284632091074627,27.913635516187682,27.969173986496493,204092400
2015-03-18,28.540111541748047,28.693398273706446,28.073588695017833,28.213545040566977,261083600
2015-03-19,28.324617385864258,28.71338664410161,28.30240233865916,28.602309713176652,183238000
2015-03-20,27.96917152404785,28.52455448333958,27.80477814097911,28.491232760007673,274780400
2015-03-23,28.260194778442383,28.40237312558268,28.106908059378792,28.240201742859963,150838800
2015-03-24,28.144670486450195,28.444576136086017,28.115789402561358,28.264633763244095,131369200
2015-03-25,27.409345626831055,28.173555530969583,27.409345626831055,28.11135271456754,206620800
2015-03-26,27.60039710998535,27.74257545518956,27.236064888537122,27.27161032228796,190291600
2015-03-27,27.380464553833008,27.702586988271232,27.304933051374206,27.673707595254548,158184800
2015-03-30,28.07358741760254,28.080251763054054,27.54708209323727,27.55819046558957,188398800
2015-03-31,27.642606735229492,28.100243175381227,27.62705603177481,28.01138128639751,168362400
2015-04-01,27.602615356445312,27.795889812565672,27.347138094649253,27.729242980827802,162485600
2015-04-02,27.840320587158203,27.893637036917603,27.589287345262466,27.77589576687005,128880400
2015-04-06,28.291296005249023,28.32684143925686,27.620392039897094,27.65149344720416,148776000
2015-04-07,27.99360466003418,28.462347683151513,27.986940316302068,28.35571479363924,140049200
2015-04-08,27.90252685546875,28.08025063657794,27.762570521902486,27.958065325202924,149316800
2015-04-09,28.11579132080078,28.1202353470404,27.693700352605102,27.9580622872825,129936000
2015-04-10,28.235754013061523,28.260191072168222,27.826991742366516,27.980276746427457,160752000
2015-04-13,28.18021583557129,28.56232242775019,28.126899385571637,28.517888945434937,145460400
2015-04-14,28.058032989501953,28.2779648347118,27.971393120331427,28.213540012397917,102098400
2015-04-15,28.1646671295166,28.242420644379937,27.99360939681727,28.082471283046583,115881600
2015-04-16,28.029151916503906,28.23575507267787,28.015823227363466,28.053588976527664,113476000
2015-04-17,27.71369743347168,28.022491201146448,27.649272602783466,27.891421221225347,207828000
2015-04-20,28.346830368041992,28.462349622032768,27.806996455276874,27.895858332523268,188217200
2015-04-21,28.19355010986328,28.48012712747022,28.140231957606513,28.457913773045995,129740400
2015-04-22,28.57343292236328,28.628971396175867,28.06247998022732,28.211322683269117,150618000
2015-04-23,28.80668830871582,28.973303690350882,28.46679320136418,28.50233862966466,183083600
2015-04-24,28.94220542907715,29.019960638198242,28.70894319151285,28.9888592325096,178103600
2015-04-27,29.468717575073242,29.57535390255076,29.135486678755942,29.393186052126648,387816800
2015-04-28,29.004405975341797,29.8885773449825,28.784475834361594,29.87080802009011,475696000
2015-04-29,28.57786750793457,29.23322060444944,28.502336022055204,28.91554226629887,253544400
2015-04-30,27.802562713623047,28.577879399958032,27.675935050268052,28.577879399958032,332781600
2015-05-01,28.64674186706543,28.90888520558984,27.835881568938238,28.013603654255334,234050400
2015-05-04,28.59119987487793,29.00662988028145,28.493451638312393,28.768923633197197,203953200
2015-05-05,27.946958541870117,28.535664962892916,27.942514515164522,28.469018121505634,197085600
2015-05-06,27.77145767211914,28.15800495791627,27.404903422444445,28.11579517734717,288564000
2015-05-07,27.943227767944336,28.126154782564676,27.666605100388406,27.833916456516,175763600
2015-05-08,28.469701766967773,28.469701766967773,28.132847750663366,28.260004316794557,222201600
2015-05-11,28.17970085144043,28.45632188486244,28.025773821416944,28.418398376647236,168143200
2015-05-12,28.079315185546875,28.304626645579297,27.84507854462574,28.019082128405064,192640000
2015-05-13,28.11054039001465,28.373777003589282,28.079309071622678,28.141771708406623,138776800
2015-05-14,28.766395568847656,28.766395568847656,28.367080670413454,28.422851116806708,180814000
2015-05-15,28.726242065429688,28.886861221033353,28.60131681195081,28.79316728092419,152832000
2015-05-18,29.04302215576172,29.161255245868418,28.634782024202263,28.63924461362847,203531600
2015-05-19,29.016252517700195,29.196948238276978,28.920325569814313,29.154562149952394,178532800
2015-05-20,29.014020919799805,29.21925578540813,28.853401737330955,29.000636555253806,145819600
2015-05-21,29.31072235107422,29.36426321724016,28.962715230892304,29.016256097058246,158921600
2015-05-22,29.567262649536133,29.663189601300626,29.312949513264282,29.35756860001525,182384000
2015-05-26,28.91586685180664,29.649808007569362,28.804325932422774,29.58065318218476,282790400
2015-05-27,29.455720901489258,29.504799172350534,29.011790275005385,29.076482502617996,183332800
2015-05-28,29.397733688354492,29.43565720439984,29.246039624173115,29.415580649545205,122933200
2015-05-29,29.063100814819336,29.324106149911614,28.978328629351232,29.275027874530984,203538000
2015-06-01,29.121097564697266,29.310718462078576,29.01178965788815,29.06309752034872,128451200
2015-06-02,28.991710662841797,29.147867233632002,28.848938454696757,28.969401122461218,134670400
2015-06-03,29.027400970458984,29.210329669290964,28.978322705111765,29.147867041386856,123934000
2015-06-04,28.857868194580078,29.130028323353766,28.75748204307215,28.906946473798865,153800400
2015-06-05,28.69947052001953,28.931477484587052,28.634778299566968,28.889091400447338,142507200
2015-06-08,28.509857177734375,28.824403359791514,28.293467540769548,28.755245136506716,210699200
2015-06-09,28.425086975097656,28.572321802981325,28.0235406937391,28.2644677817625,224301600
2015-06-10,28.75078582763672,28.853401557823254,28.521010125158224,28.536625784357813,156349200
2015-06-11,28.68608856201172,29.040787815926894,28.66154942724008,28.81770601035133,141563600
2015-06-12,28.369319915771484,28.628095692036958,28.355935548716214,28.596864367588303,147544800
2015-06-15,28.31354331970215,28.384929431838998,28.04361452999784,28.130616300977774,175955600
2015-06-16,28.465238571166992,28.52100902357993,28.19084889840366,28.33808200774466,125976400
2015-06-17,28.398317337036133,28.527703503552477,28.273390356222063,28.492011296162225,131672400
2015-06-18,28.527700424194336,28.62362566779641,28.38046731888597,28.382698613475533,141628800
2015-06-19,28.242158889770508,28.514318990371574,28.197543205269692,28.489779853302345,218867600
2015-06-22,28.46746826171875,28.56785438961377,28.34923518158224,28.440697833356523,136157200
2015-06-23,28.33808135986328,28.46746921497815,28.304618748784733,28.438469193098925,121075600
2015-06-24,28.579008102416992,28.956016870163037,28.358157608035224,28.378234152079482,221123600
2015-06-25,28.44293212890625,28.822170543166646,28.44293212890625,28.746323541106253,127752400
2015-06-26,28.2756290435791,28.55225010559707,28.222089867506526,28.480863970173733,176267200
2015-06-29,27.780376434326172,28.213155673337432,27.76922336545233,27.987842577545283,196645600
2015-06-30,27.981151580810547,28.135078574808336,27.853995016806024,28.012382898146452,177482800
2015-07-01,28.242158889770508,28.318007595797013,28.106078839469976,28.309084118500998,120955200
2015-07-02,28.206464767456055,28.26223522028511,28.05699866037003,28.20423347278873,108844000
2015-07-06,28.10830307006836,28.159612626130443,27.851758693715617,27.871836938080378,112241600
2015-07-07,28.039154052734375,28.141771484058385,27.610835671669097,28.083769735230312,187787200
2015-07-08,27.3431396484375,27.804918965307255,27.336447465899855,27.769226757780043,243046400
2015-07-09,26.78543472290039,27.675530730197355,26.595815511598627,27.62868375107428,314380000
2015-07-10,27.501529693603516,27.62868627770291,27.039750340613136,27.202600837011023,245418000
2015-07-13,28.03246307373047,28.054770915935904,27.73353254184397,27.891920434075615,165762000
2015-07-14,28.02130889892578,28.19085156686366,27.8941523234672,28.11723415423519,127072400
2015-07-15,28.29123306274414,28.36485046328007,28.014612114584335,28.04584342960339,134596800
2015-07-16,28.668245315551758,28.68163308494207,28.40947127265685,28.49647305192128,144889600
2015-07-17,28.91586685180664,28.91586685180664,28.623630187654307,28.795404156613902,184658800
2015-07-20,29.462413787841797,29.66318603827153,29.156789419308453,29.217022456020572,235600800
2015-07-21,29.16794776916504,29.652034906839845,29.072024221109125,29.636420949603064,307025600
2015-07-22,27.934301376342773,27.996764003795565,27.21374646227475,27.21374646227475,461802400
2015-07-23,27.920923233032227,28.351469539872234,27.898613687990725,28.15292684325403,203998000
2015-07-24,27.773685455322266,28.050306424266896,27.639836709186422,27.95661247216972,168649200
2015-07-27,27.387760162353516,27.575149816344606,27.242758309859674,27.45914629197403,177822000
2015-07-28,27.523836135864258,27.642070937846118,27.338679506679952,27.523836135864258,134472400
2015-07-29,27.43683433532715,27.55060654742132,27.276215142248162,27.47252824577996,148046800
2015-07-30,27.298524856567383,27.343140542930758,27.151290028005434,27.28737008398687,134513200
2015-07-31,27.059823989868164,27.358752795623563,26.972822220910746,27.349829319066504,171540000
2015-08-03,26.421815872192383,27.343143335322537,26.21657926881499,27.104445814745112,279904000
2015-08-04,25.574100494384766,26.256730339924655,25.26401689121604,26.194267700722214,496554400
2015-08-05,25.743642807006836,26.198729931797953,25.007472107672537,25.197091317507358,397250400
2015-08-06,25.799663543701172,26.10666963037693,25.573332274014806,25.987901363976874,211612000
2015-08-07,25.887062072753906,26.05064970055352,25.658489382480674,25.676417121630855,154681600
2015-08-10,26.8282470703125,26.888751051054925,26.11339430736292,26.11339430736292,219806400
2015-08-11,25.432153701782227,26.48314379074808,25.39629993693712,26.400229288163885,388331200
2015-08-12,25.824312210083008,25.86464876132336,24.567158357722324,25.217024256735492,404870000
2015-08-13,25.80414581298828,26.084260288357925,25.667449812233247,26.00358718267682,194143200
2015-08-14,25.98565673828125,26.064088441275725,25.54867888610996,25.61814672166465,171718000
2015-08-17,26.254573822021484,26.364378232100474,25.882580929145096,26.00359060358621,163538800
2015-08-18,26.106674194335938,26.317320867981202,25.99686977729429,26.09098784904427,138242800
2015-08-19,25.77277183532715,26.1111488736232,25.698821207216227,26.017030824945476,193146000
2015-08-20,25.24391746520996,25.62487247693871,25.01534309042622,25.56436850107426,274006400
2015-08-21,23.699928283691406,25.07585058188817,23.67527807072019,24.746435653712144,513102000
2015-08-24,23.10832405090332,24.38116427748664,20.616425097540755,21.25956853943907,648825200
2015-08-25,23.24726104736328,24.898816679691027,23.19347954452205,24.898816679691027,414406400
2015-08-26,24.580604553222656,24.625422182789382,23.54081981819115,23.997965110757313,387098400
2015-08-27,25.304426193237305,25.376135445724387,24.654560130876177,25.149804132686572,338464400
2015-08-28,25.387338638305664,25.391819718233755,24.99517832179051,25.13635542024998,212657600
2015-08-31,25.268566131591797,25.66520746167961,25.09825605819991,25.104978531809078,224917200
2015-09-01,24.139150619506836,25.071370909817738,24.05847749605796,24.683693347945017,307383600
2015-09-02,25.174442291259766,25.174442291259766,24.4551086670713,24.701610724002983,247555200
2015-09-03,24.732988357543945,25.273048177563375,24.659037725648208,25.208061414050434,212935600
2015-09-04,24.486488342285156,24.75091649826802,24.316179957517583,24.419261888197923,199985200
2015-09-08,25.167726516723633,25.223749415539015,24.721784720864484,25.0422357704758,219374400
2015-09-09,24.68368911743164,25.550922481347587,24.59853321856181,25.4926598985961,340043200
2015-09-10,25.225994110107422,25.38509895839421,24.62766988281413,24.710582689709778,251571200
2015-09-11,25.59349822998047,25.59349822998047,25.044474562517546,25.051197036127483,199662000
2015-09-14,25.839994430541992,26.194059467218047,25.73915392336541,26.12459163826008,233453600
2015-09-15,26.0573673248291,26.113390216982477,25.640556870433343,25.978935617750974,173364800
2015-09-16,26.086496353149414,26.115627637150148,25.86912729112387,26.05064088697984,148694000
2015-09-17,25.528512954711914,26.104428259816004,25.483695321581934,25.918433543611794,256450400
2015-09-18,25.42319107055664,25.61367029631348,25.069127645614433,25.1453179681706,297141200
2015-09-21,25.817594528198242,25.853450006925726,25.470253553863213,25.472493239021183,200888000
2015-09-22,25.4119873046875,25.58677847585552,25.214785606193775,25.407504515349082,201384800
2015-09-23,25.618146896362305,25.707783861688494,25.389574258979287,25.463523173916702,143026800
2015-09-24,25.770530700683594,25.88257648633874,25.181170483623408,25.378370450890582,200878000
2015-09-25,25.705549240112305,26.149251395054904,25.550925476927503,26.093228490675873,224607600
2015-09-28,25.196857452392578,25.674171895678256,25.196857452392578,25.51282568676956,208436000
2015-09-29,24.439434051513672,25.43664288920557,24.170524763643698,25.28426050349697,293461600
2015-09-30,24.717300415039062,24.995173478183187,24.36547672478694,24.688167417260352,265892000
2015-10-01,24.555957794189453,24.564921663298826,24.047268907752663,24.441670600148974,255716400
2015-10-02,24.735233306884766,24.876412126857616,24.101055298395757,24.20413724221264,232079200
2015-10-05,24.82486915588379,24.957084099471995,24.441672694460394,24.623186357849537,208258800
2015-10-06,24.943628311157227,25.039987739970822,24.598527140747667,24.79124599837486,192787200
2015-10-07,24.82486915588379,25.046719378879786,24.51786473357705,25.039996903892536,187062400
2015-10-08,24.538034439086914,24.692658216897698,24.248956019984966,24.692658216897698,247918400
2015-10-09,25.125152587890625,25.161006357395998,24.53579054393031,24.650077746740173,211064400
2015-10-12,25.008617401123047,25.266323033422697,24.972763641064162,25.261841954546423,121868800
2015-10-13,25.05120086669922,25.199100437782125,24.802459046998475,24.833831735097373,132197200
2015-10-14,24.6971378326416,24.990697314846262,24.55147793418035,24.939157198421825,177849600
2015-10-15,25.066883087158203,25.12066458509717,24.7598770216274,24.858477859251334,150694000
2015-10-16,24.883129119873047,25.098256830400224,24.76884193595193,25.048956409505504,156930400
2015-10-19,25.037752151489258,25.04223323067941,24.67472318849822,24.829346920645275,119036800
2015-10-20,25.494897842407227,25.584534814719742,24.83382837725812,24.95035524448626,195871200
2015-10-21,25.49265480041504,25.90050134652756,25.479208145045014,25.546436292846685,167180800
2015-10-22,25.882579803466797,25.882579803466797,25.568851221488128,25.62039304175565,166616400
2015-10-23,26.684825897216797,26.718439976330387,26.068574048972295,26.151486839811653,237467600
2015-10-26,25.833280563354492,26.471941310810404,25.75260744686708,26.460737756104727,265335200
2015-10-27,25.669692993164062,26.115634790275454,25.54420053688064,25.8601705077346,279537600
2015-10-28,26.72740364074707,26.73412782469506,26.00806982979809,26.203030131893545,342205600
2015-10-29,27.00975799560547,27.04561346922825,26.503310543623737,26.599669991881104,204909200
2015-10-30,26.778945922851562,27.164383744411797,26.76774065909424,27.112841924684606,197461200
2015-11-02,27.15542221069336,27.195758770132144,26.80359844046524,27.07026801173741,128813200
2015-11-03,27.466907501220703,27.67307136407972,27.04785559133018,27.06802472448119,182076000
2015-11-04,27.339174270629883,27.747020900378182,27.254020081010584,27.592397154535842,179544400
2015-11-05,27.21314811706543,27.611489079385166,27.04661097037331,27.422445474300787,158210800
2015-11-06,27.244651794433594,27.41343990989622,27.145630600923205,27.255905022265036,132169200
2015-11-09,27.134380340576172,27.413442907899615,27.01735465653785,27.222150032855332,135485600
2015-11-10,26.279184341430664,26.57175110364436,26.119398460129865,26.308442047852964,236511600
2015-11-11,26.13064956665039,26.4254655769582,25.928103495178785,26.1891632577425,180872000
2015-11-12,26.042875289916992,26.290430792668833,26.027121804750998,26.164402911340865,130102400
2015-11-13,25.28220558166504,26.00912040774217,25.26645209463557,25.925850995157077,183249600
2015-11-16,25.696306228637695,25.709808730253343,24.980644453978773,25.066163159214113,152426800
2015-11-17,25.58602523803711,25.892094454265113,25.502755826401113,25.862836752257206,110467600
2015-11-18,26.396209716796875,26.441219192006294,25.993368560767326,26.051882252140704,186698800
2015-11-19,26.731523513793945,26.94982298092741,26.276921827341273,26.474965837389846,173183200
2015-11-20,26.84856605529785,26.9880964780301,26.74729214650655,26.826059597565344,137148400
2015-11-23,26.499736785888672,26.945338210890085,26.407465116019043,26.84181331206017,129930000
2015-11-24,26.754043579101562,26.85981774995822,26.3579553319384,26.40521580289531,171212800
2015-11-25,26.562746047973633,26.83280804222794,26.537990322241956,26.828306064639612,85553200
2015-11-27,26.51323699951172,26.64826886737804,26.465976532559118,26.62126215040447,52185600
2015-11-30,26.623510360717773,26.873316886396125,26.49973173375955,26.55374344506798,156721200
2015-12-01,26.407461166381836,26.738286131114823,26.299437739327033,26.72478363198333,139409600
2015-12-02,26.168914794921875,26.580758297623625,26.12390530788423,26.407468166824764,133546400
2015-12-03,25.925857543945312,26.28368929257516,25.70530866982279,26.229677568688263,166278000
2015-12-04,26.787803649902344,26.83731511393135,25.905604688845578,25.946113912414603,231108000
2015-12-07,26.619009017944336,26.97458970295678,26.513234864567096,26.77654561210243,128336800
2015-12-08,26.607755661010742,26.69102335444192,26.299435460545904,26.44796808912663,137238000
2015-12-09,26.020374298095703,26.486229388709443,25.898846659196288,26.474976161829343,185445600
2015-12-10,26.144149780273438,26.317439849550986,25.99561715217966,26.114893795785594,116850800
2015-12-11,25.47124481201172,25.96860678023174,25.39697764992883,25.923597315515394,187544800
2015-12-14,25.313718795776367,25.358728276188195,24.708331497328068,25.24620285815701,257274800
2015-12-15,24.865863800048828,25.385732344645458,24.834356823649205,25.192188508475535,213292400
2015-12-16,25.057153701782227,25.20343705615663,24.485526216013525,24.996390745011965,224954000
2015-12-17,24.526037216186523,25.261952585008626,24.526037216186523,25.210190144944047,179091200
2015-12-18,23.862138748168945,24.647565648243024,23.812627291848816,24.51028622435749,385813200
2015-12-21,24.154712677001953,24.163714918732097,23.758622625885824,24.14345944558876,190362400
2015-12-22,24.1322021484375,24.2424765784534,23.95666105226723,24.170460378871354,131157600
2015-12-23,24.442764282226562,24.496775986299763,24.125441872169134,24.141195357398864,130629600
2015-12-24,24.312240600585938,24.53054017780593,24.294236122320022,24.53054017780593,54281600
2015-12-28,24.039928436279297,24.235723267087668,23.895896049363305,24.213216811568333,106816800
2015-12-29,24.472023010253906,24.627308608515364,24.04892813303589,24.07143286917491,123724800
2015-12-30,24.152454376220703,24.463023895390158,24.12094739820358,24.43601889537635,100855200
2015-12-31,23.688852310180664,24.087191548411436,23.58982938942201,24.08269128701408,163649200
2016-01-04,23.709104537963867,23.71360651607352,22.955184602744627,23.09246574606234,270597600
2016-01-05,23.114967346191406,23.821626717292084,23.04745313673035,23.799121980805065,223164000
2016-01-06,22.66261100769043,23.03844708450596,22.475820180471928,22.631104038424606,273829600
2016-01-07,21.706140518188477,22.53432720827191,21.701640259422017,22.20800436218225,324377600
2016-01-08,21.820926666259766,22.30478625858172,21.775917190369956,22.178758352489098,283192000
2016-01-11,22.17426109313965,22.293537774929717,21.90645001870411,22.27328402156996,198957600
2016-01-12,22.496078491210938,22.660366336017216,22.244020968919553,22.628859360355968,196616800
2016-01-13,21.917695999145508,22.77288967617828,21.89744225248481,22.577094873452022,249758400
2016-01-14,22.397056579589844,22.613106875133813,21.546364765015802,22.04597785408347,252680400
2016-01-15,21.859188079833984,21.989717982749493,21.460848837421395,21.649890724125214,319335600
2016-01-19,21.75341796875,22.201268720326865,21.49235813478439,22.14725699216228,212350800
2016-01-20,21.782669067382812,22.09774055868971,21.024247186087106,21.40233263225508,289337600
2016-01-21,21.67238998413086,22.027968898210855,21.366320797504212,21.84342733424489,208646000
2016-01-22,22.82465362548828,22.833655864278438,22.13824965850337,22.196761635137154,263202000
2016-01-25,22.379053115844727,22.84940848500449,22.32729067401783,22.847157496142078,207178000
2016-01-26,22.502826690673828,22.70312174465863,22.07072961131343,22.48932419350668,300308000
2016-01-27,21.02424430847168,21.74665713553977,21.006239833260953,21.6138779941135,533478800
2016-01-28,21.175025939941406,21.271797838875077,20.79244032108797,21.10751173973256,222715200
2016-01-29,21.90643882751465,21.90643882751465,21.233537576628017,21.332560454471203,257666000
2016-02-01,21.701650619506836,21.764664574323376,21.46984854985964,21.710652858337983,163774000
2016-02-02,21.262798309326172,21.61387697436504,21.217787123422998,21.474344873566967,149428800
2016-02-03,21.683645248413086,21.79391966479839,21.172780664055452,21.37982699763643,183857200
2016-02-04,21.857873916625977,22.023053229116783,21.5388313080044,21.69043312718145,185886800
2016-02-05,21.27409553527832,21.930284768598725,21.199427077260204,21.839775611189257,185672400
2016-02-08,21.498096466064453,21.65422292323938,21.052340489549316,21.072704134534725,216085600
2016-02-09,21.493574142456055,21.7085335517024,21.253726404495982,21.33518445254245,177324800
2016-02-10,21.33066177368164,21.801307972120107,21.292195946026556,21.7040109380806,169374400
2016-02-11,21.201688766479492,21.432487206495896,20.95052667215973,21.222054147101463,200298800
2016-02-12,21.267303466796875,21.382702662950162,21.0455578874008,21.31255889975809,161405600
2016-02-16,21.86693000793457,21.914446929611888,21.407598038735156,21.500368678299818,196231600
2016-02-17,22.201814651489258,22.222178307800206,21.756058427060474,21.87371913604531,179452800
2016-02-18,21.78093719482422,22.3760317691853,21.742469653434018,22.364717481779145,156084000
2016-02-19,21.73116111755371,21.894077218998742,21.676856325844767,21.722110031215855,141496800
2016-02-22,21.921234130859375,21.92576053829812,21.70401318440241,21.792259139953092,137123200
2016-02-23,21.425701141357422,21.835253002769754,21.394023192205015,21.812626142849286,127770400
2016-02-24,21.744735717773438,21.808091592422585,21.115699924731025,21.265040251819542,145022800
2016-02-25,21.894071578979492,21.894071578979492,21.55240049459386,21.73341872208343,110330800
2016-02-26,21.928020477294922,22.179180810555707,21.853350302540388,21.993637838519774,115964400
2016-02-29,21.87824058532715,22.226699678106144,21.869189498022948,21.91670641163121,140865200
2016-03-01,22.747119903564453,22.80142469069322,22.043413968591395,22.095457279065084,201628400
2016-03-02,22.796905517578125,22.828583461581438,22.545743442752926,22.742600717332223,132678400
2016-03-03,22.966609954833984,23.014126871720247,22.72902364408416,22.758440111431735,147822800
2016-03-04,23.308277130126953,23.475717911864166,22.937191221240052,23.16346320111344,184220400
2016-03-07,23.050331115722656,23.267552046038453,22.844422750525865,23.16799180560761,143315600
2016-03-08,22.860261917114258,23.02544125138635,22.717711165909574,22.80369391208277,126247600
2016-03-09,22.8806209564209,22.98470584967883,22.688288411554122,22.92361145443563,108806800
2016-03-10,22.89193344116211,23.13404436573756,22.661136804946963,22.94623995370993,134054400
2016-03-11,23.138578414916992,23.14310309596492,22.966611187679444,23.134052007550462,109632800
2016-03-14,23.197406768798828,23.28565444495634,23.029965957093875,23.059382424585884,100304400
2016-03-15,23.663532257080078,23.79929514671456,23.498352895040277,23.523242959543794,160270800
2016-03-16,23.978038787841797,24.054970422113335,23.665782392387264,23.670308798119695,153214000
2016-03-17,23.939577102661133,24.091178920822344,23.749507734406702,23.876219495697473,137682800
2016-03-18,23.966733932495117,24.0979721292998,23.801556310929445,24.061767774463203,176820800
2016-03-21,23.964473724365234,24.358186609314124,23.79024327854342,23.968998405800136,142010800
2016-03-22,24.147748947143555,24.276723922528895,23.806077732017386,23.81512881948704,129777600
2016-03-23,24.014244079589844,24.2269402884613,23.962202492090338,24.09344065187563,102814000
2016-03-24,23.910160064697266,24.041398229347966,23.73366819390685,23.86490635855755,104532000
2016-03-28,23.801555633544922,24.02782766587806,23.772139164497705,23.98483542731281,77645600
2016-03-29,24.364973068237305,24.389863130469006,23.731410672679043,23.733673876423374,124760400
2016-03-30,24.79035758972168,24.984951630731874,24.573136695962944,24.584450985496314,182404400
2016-03-31,24.66138458251953,24.867292929364638,24.63649452463016,24.826563900665512,103553600
2016-04-01,24.887659072875977,24.88992227645211,24.48263194867367,24.613870134993224,103496000
2016-04-04,25.14334487915039,25.38545584641617,24.95101230102027,24.98495344576784,149424800
2016-04-05,24.846927642822266,25.055099193778993,24.758681701370815,24.779047078954108,106314800
2016-04-06,25.107139587402344,25.111665993901667,24.70890040505678,24.94196200286057,105616400
2016-04-07,24.5595645904541,24.984955355017746,24.46453075895347,24.87860723229722,127207600
2016-04-08,24.58671760559082,24.837877950218115,24.475843076973312,24.64328560848277,94326800
2016-04-11,24.668174743652344,25.02794815142914,24.625184233953128,24.656862178497185,117630000
2016-04-12,24.989473342895508,25.003049106730835,24.586709570147267,24.74057283046198,108929200
2016-04-13,25.351512908935547,25.419393467312176,25.070936136412072,25.070936136412072,133029200
2016-04-14,25.365093231201172,25.43071232450725,25.1908645344577,25.256483627763778,101895600
2016-04-15,24.855981826782227,25.410349328859326,24.82883028837945,25.367357091296842,187756000
2016-04-18,24.319713592529297,24.65233195880117,24.19752651404814,24.63875619218712,243286000
2016-04-19,24.190746307373047,24.437382019492315,24.03688124041979,24.410228751329228,129539600
2016-04-20,24.240520477294922,24.45774140571795,23.998409488981064,24.12964767271117,122444000
2016-04-21,23.978038787841797,24.19525965241305,23.87621537467785,24.19525965241305,126210000
2016-04-22,23.912429809570312,24.09344813628642,23.672581994042368,23.760827953578826,134732400
2016-04-25,23.776657104492188,23.905632047938518,23.647682161045857,23.75855493403565,112126400
2016-04-26,23.61148452758789,23.826443978608584,23.51192601443075,23.51192601443075,224064800
2016-04-27,22.133928298950195,22.335310252927346,21.649706328003063,21.72211330329464,458408400
2016-04-28,21.457368850708008,22.147497243695007,21.326130708952,22.086404578432276,328970800
2016-04-29,21.210735321044922,21.43248262519851,20.93242174714489,21.267303317109604,274126000
2016-05-02,21.188112258911133,21.287672502220374,20.907535431597918,21.262782441393064,192640400
2016-05-03,21.53656578063965,21.663277529105528,21.197157831833383,21.31481849450626,227325200
2016-05-04,21.31255340576172,21.69947819466698,21.228832171104003,21.54108680961058,164102000
2016-05-05,21.226055145263672,21.415004791770283,21.098571883441945,21.39906938404257,143562000
2016-05-06,21.10767936706543,21.273862666821273,20.909623513079747,21.255652011756162,174799600
2016-05-09,21.123613357543945,21.346709064369357,21.078082380864863,21.171419580435106,131745600
2016-05-10,21.267030715942383,21.301178512140535,20.968810218591916,21.24654308032093,134747200
2016-05-11,21.05986785888672,21.301175912061915,21.048484682600442,21.280688278941234,114876400
2016-05-12,20.565868377685547,21.121334074889095,20.367814295389742,21.107675651787034,305258800
2016-05-13,20.606849670410156,20.868647167575045,20.488472592966815,20.488472592966815,177571200
2016-05-16,21.371747970581055,21.487849775426163,20.864090236678617,21.032550487061453,245039200
2016-05-17,21.282957077026367,21.558412838781738,21.17368625982883,21.52426679392521,187667600
2016-05-18,21.526552200317383,21.67452483291446,21.3740273385334,21.435493721946084,168249600
2016-05-19,21.444589614868164,21.544755985262864,21.30117100557176,21.544755985262864,121768400
2016-05-20,21.676799774169922,21.724605991860695,21.51744397837169,21.544762561407413,128104000
2016-05-23,21.95224952697754,22.125263697700007,21.77923535625507,21.8247663153023,152074400
2016-05-24,22.286903381347656,22.33015563826558,22.04559354641188,22.132101533906077,140560800
2016-05-25,22.678455352783203,22.705772195110654,22.334703946589983,22.462187175661384,152675200
2016-05-26,22.858304977416992,22.93115280482657,22.455364075159952,22.69211994844838,225324800
2016-05-27,22.844640731811523,22.871959313517372,22.59422647840904,22.637480465236077,145364800
2016-05-31,22.73309326171875,22.85602427612958,22.49633742694555,22.67390386881822,169228800
2016-06-01,22.414384841918945,22.660246886366746,22.38479101200226,22.541868093041938,116693200
2016-06-02,22.245922088623047,22.273238932612223,21.997783089138686,22.218603507805028,160766400
2016-06-03,22.29144859313965,22.37112560641008,22.1844530023928,22.26185477016167,114019600
2016-06-06,22.45308494567871,23.19522331053951,22.207224637192535,22.307389304787257,93170000
2016-06-07,22.544145584106445,22.735372201930687,22.52821017735685,22.59422878727063,89638000
2016-06-08,22.523658752441406,22.664800435311093,22.464469352331687,22.541869405927436,83392400
2016-06-09,22.685279846191406,22.762679865796283,22.414376303917592,22.42348249507611,106405600
2016-06-10,22.49861717224121,22.616994235748717,22.418940135569898,22.43032157690629,126851600
2016-06-13,22.159412384033203,22.564630152066556,22.10477696350067,22.466740749496882,152082000
2016-06-14,22.18673324584961,22.41893684645813,22.025102213221146,22.15486243585689,127727600
2016-06-15,22.113887786865234,22.40300382708042,22.088846185371665,22.268689624812268,117780800
2016-06-16,22.207225799560547,22.252755038411323,21.870303526845767,21.956809775393893,125307200
2016-06-17,21.70183753967285,22.002334952651616,21.695008329327894,21.995505742306662,244032800
2016-06-20,21.649478912353516,21.984124137793835,21.63354350813392,21.85436392148318,137647600
2016-06-21,21.833873748779297,21.934038390722453,21.553863979407634,21.613053361120812,142185600
2016-06-22,21.75192642211914,22.05697614285978,21.706395446526347,21.911280494621096,116876400
2016-06-23,21.87713623046875,21.92039023006049,21.683634329227353,21.840713180941023,128960800
2016-06-24,21.262481689453125,21.549320789159662,21.09174441957555,21.150933826111988,301245600
2016-06-27,20.952869415283203,21.18279599784611,20.829938422729626,21.171412823102244,181958400
2016-06-28,21.30573272705078,21.321669872013963,20.97564138563484,21.1486556288244,161779600
2016-06-29,21.490127563476562,21.52427535874932,21.314836358263275,21.392238143336794,146124000
2016-06-30,21.7633056640625,21.802005686783623,21.467362168347563,21.499232979627187,143345600
2016-07-01,21.829330444335938,21.961367692318017,21.70184716315569,21.738270213423142,104106000
2016-07-05,21.624435424804688,21.71777259623965,21.50378141242575,21.715495613884773,110820800
2016-07-06,21.747371673583984,21.776967240861612,21.483298971964736,21.535657420975962,123796400
2016-07-07,21.840707778930664,21.968191025990517,21.767859961063753,21.786070612908745,100558400
2016-07-08,22.00916862487793,22.056974843812966,21.86574996807282,21.965914634819505,115648400
2016-07-11,22.077465057373047,22.229989914574308,22.02055264168639,22.02510487073652,95179600
2016-07-12,22.17762565612793,22.241367272101378,22.109331811940137,22.120713250890383,96670000
2016-07-13,22.052413940429688,22.234532549949666,22.04558299455824,22.17534491369055,103568800
2016-07-14,22.489503860473633,22.535033085070175,22.15485867552043,22.170794077812076,155676000
2016-07-15,22.487232208251953,22.605610999187544,22.423490583976943,22.51910302038946,120548000
2016-07-18,22.72626495361328,22.794558806447593,22.44625512018853,22.469019737799965,145975600
2016-07-19,22.73537254333496,22.76496637436316,22.614716762614393,22.664799966530648,95119600
2016-07-20,22.755857467651367,22.869682285959044,22.705774269703365,22.764963661535447,105104000
2016-07-21,22.635208129882812,22.992618063978416,22.566912530010583,22.72626835076937,130808000
2016-07-22,22.459911346435547,22.605606957825405,22.38023259350751,22.596500765009953,113254800
2016-07-25,22.159412384033203,22.500886801811777,22.06379996389409,22.36657436449665,161531600
2016-07-26,22.006887435913086,22.302832624371444,21.9499750332733,22.041035224862693,224959200
2016-07-27,23.436532974243164,23.75524286154649,23.391003734698042,23.737030470996775,369379200
2016-07-28,23.752965927124023,23.77800752997383,23.40693919011725,23.40921617314791,159479200
2016-07-29,23.72337532043457,23.800777122538076,23.60272125584294,23.718823090583495,110934800
2016-08-01,24.142248153686523,24.16501277327869,23.768902834521718,23.768902834521718,152671600
2016-08-02,23.78483009338379,24.146792110331994,23.67555752521669,24.142239882704782,135266400
2016-08-03,24.08306121826172,24.094442660808156,23.85085755889905,23.859963755033796,120810400
2016-08-04,24.231828689575195,24.26158283232779,24.096786895955468,24.16545245152314,109634800
2016-08-05,24.600337982177734,24.639247661018345,24.302789475923046,24.32338810134284,162213600
2016-08-08,24.804039001464844,24.804039001464844,24.52709091876358,24.60948715124124,112148800
2016-08-09,24.904747009277344,24.93450290293659,24.72164174276166,24.771996258580785,105260800
2016-08-10,24.719348907470703,24.925343830947153,24.6644175099562,24.88185552870278,96034000
2016-08-11,24.70332908630371,24.932211964247323,24.685018036971154,24.83836914609631,109938000
2016-08-12,24.760549545288086,24.820059581873906,24.6689960458263,24.6689960458263,74641600
2016-08-15,25.0580997467041,25.07183216140726,24.737663349139908,24.751395763843067,103472800
2016-08-16,25.035213470458984,25.229765351854663,24.996303792675096,25.09243420116639,135177600
2016-08-17,24.99858856201172,25.032921343436463,24.797170508980045,24.97112198762436,101424000
2016-08-18,24.966541290283203,25.08555960199935,24.952807132065452,25.000874066471287,87938800
2016-08-19,25.0306339263916,25.106165702014025,24.80175102783004,24.895592108196556,101472400
2016-08-22,24.836082458496094,24.971122523094618,24.685018915482996,24.91619111937978,103280800
2016-08-23,24.913902282714844,25.021477520652386,24.84065982760131,24.85439224223576,85030800
2016-08-24,24.726211547851562,24.891007462865762,24.64610290756338,24.849808484112213,94700400
2016-08-25,24.620929718017578,24.691882847370994,24.417224107868105,24.579730732468377,100344800
2016-08-26,24.476734161376953,24.707904597919814,24.332536838720074,24.584309387410602,111065200
2016-08-29,24.449262619018555,24.59117059523091,24.32795500452868,24.40348675378222,99881200
2016-08-30,24.261585235595703,24.37602667538625,24.147143795805157,24.215809358174603,99455600
2016-08-31,24.28447151184082,24.3920467372776,24.179185603989712,24.183764239161054,118649600
2016-09-01,24.428665161132812,24.444686889348482,24.174605080686185,24.29362338368296,106806000
2016-09-02,24.657556533813477,24.719354150845867,24.449272248607475,24.650688579709424,107210000
2016-09-06,24.650680541992188,24.788011639486246,24.60719399094068,24.696458156569353,107521600
2016-09-07,24.80174446105957,24.89329794549112,24.506485390542494,24.680436836338693,169457200
2016-09-08,24.151714324951172,24.552259258738772,24.087627414943128,24.54768237069705,212008000
2016-09-09,23.604684829711914,24.197492247375678,23.604684829711914,23.9502983802517,186228000
2016-09-12,24.13340950012207,24.197496422009813,23.46735953427949,23.494826106333228,181171200
2016-09-13,24.707901000976562,24.90016348778386,24.54539439990324,24.60719374239886,248704800
2016-09-14,25.582239151000977,25.87063207350197,24.856680828536582,24.886436721019322,443554800
2016-09-15,26.451993942260742,26.488616040660265,25.97591714049353,26.0606044333641,359934400
2016-09-16,26.30321502685547,26.58016304815976,26.101798760335285,26.348992641681043,319547600
2016-09-19,25.996517181396484,26.5916123030239,25.920985414072987,26.365018747291153,188092000
2016-09-20,25.994230270385742,26.120116560913388,25.75161496090108,25.875211933536068,138057200
2016-09-21,25.989652633666992,26.090359916955993,25.735592488260867,26.058316452331603,144012800
2016-09-22,26.234554290771484,26.307796736816936,26.09264628757944,26.172754940092023,124296000
2016-09-23,25.79738998413086,26.27346680818627,25.531886743255473,26.188779511350944,209924800
2016-09-26,25.836299896240234,25.953030658642643,25.53188698083939,25.552485602666827,119477600
2016-09-27,25.88435935974121,25.90495972324331,25.712697230919463,25.86376074247659,98429600
2016-09-28,26.081201553344727,26.23913128768944,25.96218323287002,26.021693266226208,118564400
2016-09-29,25.67608642578125,26.046877390463784,25.58911154350476,25.900392459135947,143548000
2016-09-30,25.87521743774414,25.948459909748298,25.589113758628162,25.740175593157495,145516400
2016-10-03,25.753896713256836,25.875206086826246,25.698965319910553,25.797385012201293,86807200
2016-10-04,25.863765716552734,26.163601733762686,25.779078421401593,25.877498130703476,118947200
2016-10-05,25.87521743774414,26.014836172851798,25.792819438459677,25.95532611864896,85812400
2016-10-06,26.067472457885742,26.170469060900054,25.893520970834256,26.0239841495634,115117200
2016-10-07,26.10637664794922,26.220818070037353,25.980492131394783,26.163597358993286,97433600
2016-10-10,26.56185531616211,26.722072611914108,26.25744070799575,26.326104514930513,144944000
2016-10-11,26.61907386779785,27.166103692627097,26.596184187773265,26.93950843329308,256164000
2016-10-12,26.85711669921875,27.003603351129488,26.722076636210637,26.859406016999273,150347200
2016-10-13,26.77471923828125,26.880005150259226,26.486326329501203,26.731230933637267,140769600
2016-10-14,26.923492431640625,27.0470893958653,26.809050992125677,26.9807131513981,142608800
2016-10-17,26.90518569946289,26.97156020403492,26.728944887875503,26.854831181866494,94499600
2016-10-18,26.886869430541992,27.05624225539342,26.882290795519253,27.049376049096928,98214000
2016-10-19,26.8067626953125,26.953247594229147,26.046871627343243,26.836516840135722,80138400
2016-10-20,26.793027877807617,26.866270325468047,26.625944362631184,26.747252002858986,96503200
2016-10-21,26.687740325927734,26.75869519784017,26.61449788277504,26.735805515536914,92770800
2016-10-24,26.928070068359375,26.94866868851393,26.779295853260383,26.80218379106691,94154800
2016-10-25,27.065397262573242,27.090574516004875,26.85024682278932,26.996731708443775,192516000
2016-10-26,26.456565856933594,26.481743108289862,25.934713276526317,26.16359610977424,264536800
2016-10-27,26.2025089263916,26.51836662459886,26.115532327492296,26.410791407794477,138248000
2016-10-28,26.0285587310791,26.36959369845516,25.966759381906105,26.062891508815476,151446800
2016-10-31,25.987361907958984,26.145291650936002,25.909540822203006,26.012539163976705,105677600
2016-11-01,25.518150329589844,26.040002986475454,25.29842298701894,25.969049856566283,175303200
2016-11-02,25.541034698486328,25.714986141889998,25.458638484492432,25.4975481473135,113326800
2016-11-03,25.267274856567383,25.642268828441438,25.20285888644949,25.531841952583203,107730400
2016-11-04,25.03951644897461,25.363899130694815,24.87157506122732,24.968199017619202,123348000
2016-11-07,25.40070343017578,25.423708878055244,25.18214728731297,25.324783872490706,130240000
2016-11-08,25.55024528503418,25.702084433482014,25.2373662111449,25.377701755545395,97016800
2016-11-09,25.508832931518555,25.61005902319711,24.857770061068404,25.278774908760692,236705600
2016-11-10,24.79795265197754,25.557143017878346,24.347039171303557,25.557143017878346,228538000
2016-11-11,24.9451904296875,25.0464165171127,24.51268199694924,24.643814994203094,136575600
2016-11-14,24.319427490234375,24.8025488700783,23.944433635754226,24.779543424410114,204702000
2016-11-15,24.64151382446289,24.772646821194414,24.422959414978134,24.517282287264077,129058000
2016-11-16,25.304079055786133,25.359294239810122,24.524182572280637,24.547188021355673,235362000
2016-11-17,25.294876098632812,25.386899648584652,25.03721226501154,25.262668119430153,110528000
2016-11-18,25.320186614990234,25.430615243401842,25.22816480571798,25.24196772606812,113715600
2016-11-21,25.704378128051758,25.76419193736113,25.308678133159383,25.333984650637593,117058400
2016-11-22,25.720483779907227,25.863118609244935,25.628460233597092,25.754991073970764,103862000
2016-11-23,25.58934783935547,25.653763787766714,25.38229532288865,25.61925474248842,109705600
2016-11-25,25.718183517456055,25.73658857833759,25.524933888606377,25.56634439798822,45903600
2016-11-28,25.667577743530273,25.874630349051294,25.62616722242607,25.63536975547186,108776000
2016-11-29,25.64226531982422,25.77339831396523,25.32248482963467,25.48582580442763,114115200
2016-11-30,25.42601203918457,25.812509589697417,25.368497533186847,25.674475126343566,144649200
2016-12-01,25.189048767089844,25.522633904830364,25.083222302593835,25.391500921084965,148347600
2016-12-02,25.28337860107422,25.327088434537696,25.041816960298217,25.115435461882715,106112000
2016-12-05,25.101625442504883,25.313278355303645,24.903775446348597,25.306376896982407,137298000
2016-12-06,25.294876098632812,25.389200720014333,25.12003328444787,25.19135070193901,104782000
2016-12-07,25.543344497680664,25.580154627439146,25.11313707615084,25.136142529648094,119994800
2016-12-08,25.794103622436523,25.86542104085599,25.44441447910836,25.504230050636142,108273200
2016-12-09,26.21510887145996,26.38765237457673,25.837813885060886,25.837813885060886,137610400
2016-12-12,26.06557273864746,26.45667064611745,25.87922456055831,26.063271667134355,105497600
2016-12-13,26.500385284423828,26.66832666497557,26.16910115647021,26.189805536865563,174935200
2016-12-14,26.500385284423828,26.732742633143555,26.45207330829784,26.46587622856141,136127200
2016-12-15,26.645320892333984,26.85467454156549,26.50958749749872,26.544094797742623,186098000
2016-12-16,26.679826736450195,26.801757196511677,26.606208246118552,26.79485573729359,177404400
2016-12-19,26.833961486816406,27.004203893200373,26.629210033883563,26.640713634467527,111117600
2016-12-20,26.905282974243164,27.031815579034852,26.84316808520206,26.856971003832687,85700000
2016-12-21,26.930591583251953,27.008812223697966,26.86617561771019,26.870777761079413,95132800
2016-12-22,26.75344467163086,26.804057711784225,26.6039066225968,26.767247589780606,104343600
2016-12-23,26.806354522705078,26.806354522705078,26.59240053536389,26.59240053536389,56998000
2016-12-27,26.976598739624023,27.10083025720737,26.79945311530583,26.80635457374884,73187600
2016-12-28,26.861570358276367,27.15144215064689,26.732736695353033,27.03641316012437,83623600
2016-12-29,26.854673385620117,26.942094801147437,26.778753817944512,26.79025566579623,60158000
2016-12-30,26.645320892333984,26.96280034100216,26.555598401292904,26.83626947796643,122345200
2017-01-03,26.721235275268555,26.76264578272473,26.401454816935974,26.640715331660193,115127600
2017-01-04,26.691322326660156,26.80405198480791,26.629207453054597,26.652212896789884,84472400
2017-01-05,26.82706642150879,26.884580927728436,26.64301929952454,26.66832582267746,88774400
2017-01-06,27.12613868713379,27.183653185150572,26.79485461689209,26.86617203276788,127007600
2017-01-09,27.374597549438477,27.475823618608228,27.13303773237843,27.135337048348266,134247600
2017-01-10,27.402206420898438,27.464321303849857,27.21586001684107,27.3239857941859,97848400
2017-01-11,27.549449920654297,27.590860437507263,27.284882827160544,27.31709081191246,110354400
2017-01-12,27.434415817260742,27.44591941905576,27.195155292590645,27.35389587030523,108344800
2017-01-13,27.3861026763916,27.519536728605953,27.333188567684832,27.402206665093118,104447600
2017-01-17,27.606956481933594,27.662169903440613,27.19745357495073,27.225059408102727,137759200
2017-01-18,27.604658126831055,27.72198819488039,27.540242169534384,27.606959198221134,94852000
2017-01-19,27.55634307861328,27.627660486905143,27.462020224601755,27.468921682797355,102389200
2017-01-20,27.606956481933594,27.710481866659634,27.544841602138572,27.710481866659634,130391600
2017-01-23,27.625368118286133,27.793309493956794,27.554048936855708,27.60696305500064,88200800
2017-01-24,27.600055694580078,27.629962599622765,27.491928164898198,27.503431765793188,92844000
2017-01-25,28.039470672607422,28.090083717527474,27.671378193920752,27.703586176105624,129510400
2017-01-26,28.053274154663086,28.168303159062784,27.97505351896557,27.991157509373394,105350400
2017-01-27,28.055570602416992,28.147594147568313,27.97505065861076,28.099282181284575,82251600
2017-01-30,27.981948852539062,27.981948852539062,27.758794107227867,27.820908983715945,121510000
2017-01-31,27.917545318603516,27.926747851657183,27.74960391718434,27.871534408538903,196804000
2017-02-01,29.619972229003906,30.020274476660866,29.21967173655047,29.224272124995522,447940000
2017-02-02,29.569353103637695,29.76720311498404,29.396809611547503,29.44282226256012,134841600
2017-02-03,29.69588851928711,29.721195040945894,29.48423557014394,29.518742867675616,98029200
2017-02-06,29.97425651550293,30.0225702420806,29.65447602268937,29.70739189237126,107383600
2017-02-07,30.25953483581543,30.388366781299386,30.011071722207557,30.03177610407307,152735200
2017-02-08,30.376853942871094,30.418266204420902,30.188208225873115,30.2181168864143,92016400
2017-02-09,30.596364974975586,30.60329635703919,30.295992158254823,30.41845127554744,113399600
2017-02-10,30.52704429626465,30.716511453658075,30.510872248423865,30.60560582712058,80262000
2017-02-13,30.797380447387695,30.919843083711402,30.672612051335886,30.74886077555563,92141600
2017-02-14,31.197099685668945,31.213271729612963,30.788130658971273,30.838963126724675,132904800
2017-02-15,31.310319900512695,31.48592428287456,31.104680709820027,31.31263271120233,142492400
2017-02-16,31.27335548400879,31.400433156603963,31.155514952191538,31.347291392120912,90338400
2017-02-17,31.35884666442871,31.384262905527905,31.21559341039314,31.21559341039314,88792800
2017-02-21,31.585277557373047,31.59683103435728,31.418917360553394,31.476681219848377,98028800
2017-02-22,31.680011749267578,31.682321034458894,31.448956307591242,31.522892215602024,83347600
2017-02-23,31.546001434326172,31.765503414548835,31.49285966610156,31.742399984098633,83152800
2017-02-24,31.57604217529297,31.57604217529297,31.25718449042464,31.40275056840831,87106400
2017-02-27,31.638408660888672,31.756249150547458,31.488224087573542,31.68693183762317,81029600
2017-02-28,31.652284622192383,31.75625886055819,31.58527657314757,31.673078764740332,93931600
2017-03-01,32.299232482910156,32.382412567080664,31.793224123633966,31.86022863767035,145658400
2017-03-02,32.107460021972656,32.41245131747088,32.06124612134738,32.34775608734624,104844000
2017-03-03,32.29692840576172,32.30848188263105,32.02197187415191,32.06587297087968,84432400
2017-03-06,32.19526290893555,32.29461857758971,32.02428414639865,32.20219428981536,87000000
2017-03-07,32.23685836791992,32.343141903855376,32.06818534575366,32.130571306357986,69785200
2017-03-08,32.11669158935547,32.30153656262057,32.075103321323745,32.10513811747178,74828800
2017-03-09,32.042781829833984,32.06819808123864,31.666163682545914,32.0566481242957,88623600
2017-03-10,32.1490592956543,32.19989178322456,32.03353155583584,32.17447553943943,78451200
2017-03-13,32.16291427612305,32.21605603640242,32.07511561253668,32.08204699319808,69686800
2017-03-14,32.1143913269043,32.266885211484286,32.07973090151632,32.18601793683025,61236400
2017-03-15,32.45404815673828,32.52105268203677,32.12363704927191,32.211439243327874,102767200
2017-03-16,32.50718688964844,32.583435599648205,32.407831227906016,32.51411827004607,76928000
2017-03-17,32.3454475402832,32.57881223101058,32.322340589443556,32.57881223101058,175540000
2017-03-20,32.68510437011719,32.694345036519806,32.400903638062616,32.44018264011968,86168000
2017-03-21,32.310791015625,32.99471665093121,32.2853747768826,32.83528783751306,158119600
2017-03-22,32.67585754394531,32.717449353469824,32.2923046950709,32.313102362646134,103440800
2017-03-23,32.56032180786133,32.712819195825276,32.488695208382076,32.63887978628212,81385200
2017-03-24,32.49563217163086,32.74979452858138,32.42862765513974,32.69433996189426,89582400
2017-03-27,32.55110549926758,32.62966353646561,32.028917724136335,32.206831476542945,94300400
2017-03-28,33.22576904296875,33.28122008560219,32.49101099744345,32.55801904145993,133499200
2017-03-29,33.29970169067383,33.38519458243014,33.08482187019614,33.19803675493689,116760000
2017-03-30,33.25581359863281,33.38751691474966,33.15646143437077,33.3158902799325,84829200
2017-03-31,33.193424224853516,33.33436817947322,33.0432360785983,33.207286986680685,78646800
2017-04-03,33.202659606933594,33.2997024499063,33.052475010205114,33.20497241728746,79942800
2017-04-04,33.44989776611328,33.477623291318075,33.080207643793266,33.0986925024719,79565600
2017-04-05,33.27659606933594,33.609316373182615,33.228072889347786,33.3228064391757,110871600
2017-04-06,33.193424224853516,33.39213203750382,33.14490103283233,33.338986749664876,84596000
2017-04-07,33.119483947753906,33.313569659625706,33.10331190124426,33.209595422953385,66688800
2017-04-10,33.08020782470703,33.24425874286062,33.01782186702875,33.17956349994475,75733600
2017-04-11,32.7243766784668,33.121792239387545,32.361618016499676,33.02705868141359,121517600
2017-04-12,32.76366424560547,32.84453153953262,32.58112846168498,32.71745385970046,81400000
2017-04-13,32.59036636352539,32.89767048263503,32.59036636352539,32.789074157625386,71291600
2017-04-17,32.770591735839844,32.782145212350784,32.548776973958354,32.68972092588931,66328400
2017-04-18,32.625038146972656,32.81912393421984,32.60424399668776,32.67356135659814,58790000
2017-04-19,32.5048828125,32.809877734444996,32.45174103996478,32.78215220540519,69313600
2017-04-20,32.91153335571289,33.022438965982026,32.61578271124467,32.62964547182509,93278400
2017-04-21,32.872257232666016,32.96698728012244,32.77521437449348,32.91153623295304,69283600
2017-04-24,33.188804626464844,33.260431251712454,33.08251756841505,33.156457004558625,68537200
2017-04-25,33.39443588256836,33.47992525032688,33.241938476059495,33.25118266618911,75486000
2017-04-26,33.19804382324219,33.41061792992952,33.12873001195959,33.38057959462292,80164800
2017-04-27,33.223453521728516,33.30894641485601,33.11254791988466,33.253491851121325,56985200
2017-04-28,33.19110870361328,33.34129683760354,33.103310044002505,33.29277364954495,83441600
2017-05-01,33.86812210083008,34.011375410070904,33.493813247328404,33.52616088249981,134411600
2017-05-02,34.08298110961914,34.216993665971486,33.928174413218755,34.089912489635154,181408800
2017-05-03,33.97900390625,34.078359553815964,33.33436094186979,33.63935221272565,182788000
2017-05-04,33.85654830932617,33.99749224780387,33.690188135200835,33.854239024494824,93487600
2017-05-05,34.41801452636719,34.42263309599607,33.90968981713678,33.90968981713678,109310800
2017-05-08,35.35379409790039,35.51322292684159,34.43419436903658,34.43419436903658,195009600
2017-05-09,35.5802116394043,35.78585074267738,35.455439786491674,35.55248260229896,156521600
2017-05-10,35.411556243896484,35.568675779877275,35.145843892303795,35.497049156002355,103222800
2017-05-11,35.717811584472656,35.74565509263949,35.337316681196974,35.36979782390908,109020400
2017-05-12,36.21663284301758,36.2908739365039,35.88485788911661,35.89181788100036,130108000
2017-05-15,36.12382888793945,36.34423690255087,35.973024335884055,36.195751167848314,104038800
2017-05-16,36.070465087890625,36.20734964530216,35.896458214516294,36.179509678419514,80194000
2017-05-17,34.859371185302734,35.861652309017664,34.73408781492753,35.636603173558846,203070800
2017-05-18,35.390682220458984,35.57629029064586,35.063551935204295,35.09603308197353,134272800
2017-05-19,35.51131057739258,35.72475851433993,35.411548368459925,35.585555185119176,107843200
2017-05-22,35.727081298828125,35.863965813263476,35.47651105501651,35.7294001152807,91865600
2017-05-23,35.68301010131836,35.93821805739705,35.569324336589276,35.93821805739705,79675600
2017-05-24,35.57627868652344,35.768846686765585,35.420832996246155,35.69228325002992,76712000
2017-05-25,35.699241638183594,35.81060856307925,35.504354829883454,35.666760503466904,76942400
2017-05-26,35.63893127441406,35.78509819474404,35.56932781043888,35.72941471552804,87710400
2017-05-30,35.65285110473633,35.82917681122101,35.57396883132312,35.59484880837146,80507600
2017-05-31,35.441715240478516,35.768848980184664,35.353554173882166,35.7224478598426,97804800
2017-06-01,35.539161682128906,35.57396518048359,35.31643486944589,35.536842864976805,65616400
2017-06-02,36.06583023071289,36.06583023071289,35.471887231987566,35.631974149961714,111082800
2017-06-05,35.71316146850586,35.83380719987951,35.60412044112713,35.80828605555389,101326800
2017-06-06,35.83381271362305,36.1493453010279,35.67836700705885,35.70620697236029,106499600
2017-06-07,36.04725646972656,36.188782177000014,35.8407684909353,35.96605540041843,84278400
2017-06-08,35.95909881591797,36.08670101408541,35.822210729231124,36.01941991941855,85003200
2017-06-09,34.564727783203125,36.00550639611998,33.87798257029216,36.00550639611998,259530800
2017-06-12,33.73876190185547,33.894207569448334,33.06361459113021,33.813006510950586,289229200
2017-06-13,34.01022720336914,34.209755253603035,33.676133394588724,34.14247414441947,136661600
2017-06-14,33.67845153808594,34.221352139331366,33.37219773829891,34.221352139331366,126124800
2017-06-15,33.476593017578125,33.52067531502955,32.994017182789065,33.25154743721436,128661600
2017-06-16,33.007938385009766,33.525317729657,32.99169604737768,33.35827088059254,201444400
2017-06-19,33.952213287353516,34.04501905813801,33.330430553899184,33.330430553899184,130165600
2017-06-20,33.643653869628906,34.07519113673098,33.6274150660144,34.07519113673098,99600400
2017-06-21,33.843162536621094,33.88956718362495,33.55083237745546,33.7619614847194,85063200
2017-06-22,33.78749465942383,34.035742616466905,33.66916772366512,33.81997579978962,76425200
2017-06-23,33.93829345703125,34.142462613482856,33.66684321411892,33.67148438772323,141757600
2017-06-26,33.831581115722656,34.402321729330055,33.72949650771373,34.14479139191816,102769600
2017-06-27,33.3466796875,33.91046385671273,33.321158535145855,33.64365116570499,99047600
2017-06-28,33.833885192871094,33.898847453269674,33.214421362527546,33.52299386950965,88329600
2017-06-29,33.33507537841797,33.67149150233917,33.010263961048665,33.57404807712838,125997600
2017-06-30,33.41394805908203,33.632037156573915,33.35826460647424,33.51371026230457,92096400
2017-07-03,33.293312072753906,33.710929238845075,33.200509831479685,33.613485823453566,57111200
2017-07-05,33.430198669433594,33.59260437172023,33.11234725637412,33.33739642246375,86278400
2017-07-06,33.114662170410156,33.29331019195842,33.040421089620494,33.181946800684734,96515200
2017-07-07,33.45107650756836,33.58332341824197,33.15410508801684,33.15410508801684,76806800
2017-07-10,33.655242919921875,33.86173089842264,33.263146934412056,33.43483496042663,84362400
2017-07-11,33.7642936706543,33.838538303117105,33.49748454562129,33.578685629676194,79127200
2017-07-12,33.813018798828125,33.91509986316414,33.59957078037794,33.84317758457734,99538000
2017-07-13,34.28398132324219,34.45102813713944,33.743399764404906,33.757319742200096,100797600
2017-07-14,34.578643798828125,34.645928438020356,34.18191011600604,34.33039583744347,80528400
2017-07-17,34.699283599853516,35.010174972615246,34.46959683558217,34.52759911588152,95174000
2017-07-18,34.81993865966797,34.83153982687053,34.492804861523275,34.61576944547624,71475200
2017-07-19,35.038028717041016,35.13083097657728,34.78977718550363,34.91274177246986,83692000
2017-07-20,34.88025665283203,35.2050716045532,34.845456694516386,35.14938813106929,68974800
2017-07-21,34.8640022277832,34.90344334292473,34.54150977792971,34.79903997458806,105010400
2017-07-24,35.28627014160156,35.36747475871802,34.77816954577707,34.93593760584311,85972800
2017-07-25,35.43708419799805,35.69229217743829,35.21899499762855,35.21899499762855,75415600
2017-07-26,35.604122161865234,35.71316319451389,35.51131638702401,35.57860101630619,63124000
2017-07-27,34.93129348754883,35.727086631610675,34.17494501031293,35.671403166837266,129905200
2017-07-28,34.68536376953125,34.85472943749042,34.61344150807646,34.775847185583764,68854800
2017-07-31,34.506710052490234,34.87792600275066,34.36750672627583,34.77816025579489,79383600
2017-08-01,34.81296920776367,34.85241033339182,34.43247439209287,34.59256125152247,141474400
2017-08-02,36.45792770385742,37.06347189329879,36.23055966565275,36.95442727963152,279747200
2017-08-03,36.09367370605469,36.47416866048852,35.9660679353221,36.437046338060945,108389200
2017-08-04,36.28390121459961,36.51822911955738,36.12149556065968,36.20966014716039,82239600
2017-08-07,36.845375061035156,36.870896210885,36.348875587739144,36.4393590208106,87481200
2017-08-08,37.14002990722656,37.54604597165815,36.72009385844312,36.796657312557436,144823600
2017-08-09,37.36739730834961,37.41612079297304,36.914980123328064,36.949780083645464,104526000
2017-08-10,36.17717742919922,37.267242568364914,36.01646187697015,37.2439491201272,163217200
2017-08-11,36.68027114868164,36.93415686119202,36.35185637630784,36.475303794776885,105028400
2017-08-14,37.232295989990234,37.31614740550101,36.97608234424056,37.10884856633273,88490800
2017-08-15,37.63991165161133,37.77966166110587,37.299846542421186,37.42096606058106,117862000
2017-08-16,37.4885139465332,37.851868971949614,37.302177033630144,37.71910627608485,110686400
2017-08-17,36.768795013427734,37.43261922350006,36.76413561275204,37.38836380228439,111762400
2017-08-18,36.684940338134766,37.150780850365045,36.50326282269144,36.768791772499455,109712400
2017-08-21,36.61739730834961,36.775781386413854,36.12826331840998,36.68494262303436,105474000
2017-08-22,37.21598815917969,37.26723088597431,36.806049898902806,36.85496114915579,86418400
2017-08-23,37.262577056884766,37.37670924800208,37.00636693869412,37.050622350639216,77596400
2017-08-24,37.09720993041992,37.43960298887121,36.929507062848636,37.367394724546074,79275600
2017-08-25,37.234622955322266,37.39766638293493,37.09720089162589,37.18570814999838,101920400
2017-08-28,37.609619140625,37.73306654313729,37.25092009801675,37.299834896219565,103864000
2017-08-29,37.945030212402344,37.993941463572725,37.267231584971434,37.290525026344106,118067600
2017-08-30,38.04751968383789,38.17329503991752,37.87515744009567,38.15233307291767,109078400
2017-08-31,38.19892120361328,38.320040729401555,38.077801677825,38.115069771003085,107140400
2017-09-01,38.210567474365234,38.41786635335139,38.11274139649231,38.385257660727085,66364400
2017-09-05,37.75171661376953,38.257153157457466,37.397676819239685,38.14069302608012,117874000
2017-09-06,37.71211242675781,37.963666682533365,37.388353473821574,37.8984493074153,86606800
2017-09-07,37.56071090698242,37.78897526638358,37.35108414451552,37.75403510325225,87714000
2017-09-08,36.94815444946289,37.535111143796236,36.92486099396994,37.46756580939839,114446000
2017-09-11,37.616615295410156,37.74472212642734,37.24161360138557,37.38369507686272,126323200
2017-09-12,37.467552185058594,38.189606393791436,36.980749707380006,37.875162629389486,286856000
2017-09-13,37.18571090698242,37.257919159067484,36.78043200745177,37.23695363861418,179629600
2017-09-14,36.866607666015625,37.127477143471076,36.82235226093013,37.03198256595404,95042800
2017-09-15,37.23930740356445,37.493189736913266,36.80141599992976,36.91088885083843,196458400
2017-09-18,36.957454681396484,37.383699154318606,36.80139854443826,37.29286040134051,113077600
2017-09-19,36.971439361572266,37.21367847131241,36.903894036289664,37.15311691683646,83242400
2017-09-20,36.35186004638672,36.86195233721681,35.830117479786594,36.77810091676466,211805600
2017-09-21,35.72764205932617,36.28898079421191,35.57857322040231,36.28898079421191,150046800
2017-09-22,35.37826156616211,35.46677241081668,35.068477163952586,35.29673804565591,186581600
2017-09-25,35.0661506652832,35.36428835466453,34.74239160162309,34.935715870439076,177549200
2017-09-26,35.66940689086914,35.85108440127797,35.331673239677386,35.35263520916742,146640000
2017-09-27,35.92328643798828,36.03741863130181,35.76257090902376,35.82313244404268,102016800
2017-09-28,35.70201110839844,35.934931328862454,35.56691695403965,35.84409258504471,88022000
2017-09-29,35.89767074584961,35.90000222315323,35.40388091253344,35.68571600201449,105199200
2017-10-02,35.82545852661133,35.974527325485546,35.571576339386255,35.93027191496218,74795200
2017-10-03,35.98151779174805,36.123599280752316,35.84875510265796,35.872044994281765,64921200
2017-10-04,35.74859619140625,35.83710701682054,35.51102011384265,35.78353635863432,80655200
2017-10-05,36.1934700012207,36.20511672212214,35.881357783911426,35.911634993358895,85135200
2017-10-06,36.17251205444336,36.21676746633701,36.00014980656297,36.09564795285132,69630400
2017-10-09,36.29828643798828,36.50558529280248,36.21676649297357,36.29129911567504,65051600
2017-10-10,36.312255859375,36.80138967542724,36.125922552383685,36.34952394240527,62468000
2017-10-11,36.46367645263672,36.56383048330453,36.27733948763024,36.328582241859074,67622400
2017-10-12,36.33555603027344,36.65465560938733,36.27266657277076,36.41707953274286,64500400
2017-10-13,36.566158294677734,36.63370361625292,36.43106409744572,36.50559674352587,65576800
2017-10-16,37.23930740356445,37.267256708789624,36.719892454246256,36.77812254285374,96486000
2017-10-17,37.37672424316406,37.46989095005081,37.08790176528387,37.21600865281468,75989200
2017-10-18,37.21133804321289,37.43261512506398,37.17407350413148,37.36506626194702,65496800
2017-10-19,36.33090591430664,36.58711965546994,36.10730442572919,36.510255533120954,170336800
2017-10-20,36.3937873840332,36.74316774291992,36.32624207844399,36.477638812329246,95896400
2017-10-23,36.375144958496094,36.729184635748865,36.2190888606344,36.542847776453726,87937200
2017-10-24,36.59178161621094,36.66631426625685,36.38215120766305,36.40311318229329,71028800
2017-10-25,36.43106460571289,36.696593602850925,36.165535608574864,36.54752475452925,84828400
2017-10-26,36.663970947265625,36.761797008544235,36.51723007830754,36.62204346152888,68002000
2017-10-27,37.97764587402344,38.10575271694487,36.96444140755853,37.10186349629206,177816800
2017-10-30,38.83247756958008,39.14692143564128,38.13371658196156,38.17331261143674,178803200
2017-10-31,39.37283706665039,39.51491855976353,38.883706679435335,39.10730812671052,144187200
2017-11-01,38.8720588684082,39.582466314093104,38.57392124433074,39.566160191268466,134551200
2017-11-02,39.156219482421875,39.247058228740606,38.49705481387086,38.80451121930693,165573600
2017-11-03,40.178741455078125,40.588679798570986,39.85731038613164,40.528121815557064,237594400
2017-11-06,40.58634567260742,40.75870790356975,39.9970578389901,40.14845455042654,140105200
2017-11-07,40.71678924560547,40.819274726553346,40.43495772707984,40.50716243754375,97446000
2017-11-08,41.049861907958984,41.049861907958984,40.6049834233386,40.681847524405,97638000
2017-11-09,40.966007232666016,41.017249962642765,40.32780458464305,40.786657677747385,117930400
2017-11-10,40.83043670654297,40.996406160345416,40.73693509982965,40.933290614042214,100582000
2017-11-13,40.66679000854492,40.790681190422355,40.533546529814764,40.55692370509042,67928400
2017-11-14,40.0520133972168,40.552254357040376,40.0146113372461,40.44940047554934,99130000
2017-11-15,39.52372741699219,39.81358806625075,39.360097843562826,39.731771496107484,116632400
2017-11-16,39.995914459228516,40.17590518761419,39.80890772349603,40.014611922630635,94550000
2017-11-17,39.77385330200195,40.06371400342983,39.654638212802126,39.981897418561154,87598000
2017-11-20,39.734107971191406,39.869687780332924,39.635930226680074,39.80657224212664,65049600
2017-11-21,40.472782135009766,40.60368579254124,39.92111417337202,39.92111417337202,100525200
2017-11-22,40.898223876953125,40.907572609846746,40.451746085565624,40.524210357777335,102355600
2017-11-24,40.900569915771484,41.02446116556671,40.825765767366306,40.93095954691835,56106800
2017-11-27,40.69485092163086,40.92627217962039,40.51953275956953,40.91925973848651,82867200
2017-11-28,40.45641326904297,40.87717392629052,40.17356511741134,40.74393400265719,105715200
2017-11-29,39.61723327636719,40.42135991448416,39.07491755078027,40.35357178635738,166665600
2017-11-30,40.171234130859375,40.23902224712282,39.37412007422577,39.839295289727644,166108800
2017-12-01,39.984222412109375,40.12915092551341,39.38814005400389,39.72708772685399,159037200
2017-12-04,39.69202423095703,40.35121852648377,39.65228588396219,40.31849261914353,130169600
2017-12-05,39.65463638305664,40.094101782104794,39.36477569500352,39.519056556395874,109400800
2017-12-06,39.50735855102539,39.785530580238316,38.911279707691186,39.15438596756534,114240000
2017-12-07,39.579837799072266,39.84164516474968,39.483996328830415,39.512046098907895,102693200
2017-12-08,39.59151840209961,39.972544381752805,39.4629545923694,39.853329305384676,93420800
2017-12-11,40.3629150390625,40.41434198453013,39.45593461920474,39.5517760691087,141095200
2017-12-12,40.13618087768555,40.29747419909821,40.080081334138924,40.241371088693526,77636800
2017-12-13,40.26942443847656,40.56629403478115,40.20630888511107,40.323187690009654,95273600
2017-12-14,40.25772476196289,40.470444984363944,40.12448124896759,40.29979940805167,81906000
2017-12-15,40.66679000854492,40.713540792240074,40.31381748976192,40.58731331957754,160677200
2017-12-18,41.239505767822266,41.421836368046534,40.874844567373735,40.87952071700584,117684400
2017-12-19,40.800048828125,40.99874420947974,40.69485862434924,40.914591333087564,109745600
2017-12-20,40.75563049316406,41.005749218272555,40.498495760008446,40.87718185169475,93902400
2017-12-21,40.909912109375,41.14600954402588,40.69719542593479,40.71355660149593,83799600
2017-12-22,40.909912109375,41.005753571622236,40.790697029632184,40.83277168123875,65397600
2017-12-26,39.872013092041016,40.082393386832074,39.66396552100964,39.92577631104657,132742000
2017-12-27,39.87904739379883,39.92112204908144,39.67100327556646,39.76216859553665,85992800
2017-12-28,39.99123764038086,40.17123193260973,39.85098169921558,39.97253661043504,65920800
2017-12-29,39.55880355834961,39.8767140845116,39.556467266069475,39.860352904833775,103999600
2018-01-02,40.267086029052734,40.27643833122178,39.56581317441808,39.776197170923396,102223600
2018-01-03,40.26005554199219,40.802374685276824,40.19694358149866,40.330183509397145,118071600
2018-01-04,40.44706726074219,40.5499211500562,40.224998308918046,40.33252478094121,89738400
2018-01-05,40.90757369995117,40.99406285723671,40.45174716352319,40.54291247080879,94640000
2018-01-08,40.75563049316406,41.05016372371372,40.657449182790344,40.75563049316406,82271200
2018-01-09,40.75095748901367,40.921599515903196,40.53590095325459,40.80238443961448,86336000
2018-01-10,40.74160385131836,40.74394370972359,40.44005816620148,40.47746023211193,95839600
2018-01-11,40.9730224609375,41.02211311511454,40.7883555686387,40.81172918317203,74670800
2018-01-12,41.39612579345703,41.45924133390934,41.05951433352114,41.18340555601736,101672400
2018-01-16,41.185752868652344,41.93377648897424,41.17406427506678,41.585476374529335,118263600
2018-01-17,41.8659782409668,41.901040446396664,40.92393560860837,41.176390621417674,137547200
2018-01-18,41.90336990356445,42.09972892251785,41.66727610284251,41.92908337230499,124773600
2018-01-19,41.716373443603516,41.97818075507873,41.47092730566695,41.75143564894141,129700400
2018-01-22,41.37509536743164,41.55742601082084,41.281593753796436,41.44522336108701,108434400
2018-01-23,41.384437561035156,41.94545785474811,41.33301417846406,41.44521681046371,130756400
2018-01-24,40.725250244140625,41.445224095841,40.48681648822852,41.4335355022149,204420400
2018-01-25,39.99824905395508,40.89587706717088,39.86266926547092,40.79302318853761,166116000
2018-01-26,40.09176254272461,40.206305044653156,39.75281475426623,40.206305044653156,156572000
2018-01-29,39.261924743652344,39.77619070677116,39.05388063992829,39.77619070677116,202561600
2018-01-30,39.03050231933594,39.124003921961055,38.49987162895176,38.693890842913504,184192800
2018-01-31,39.13801956176758,39.37411693794769,38.92062678192371,39.00711592226718,129915600
2018-02-01,39.21982955932617,39.41618498573111,38.98139593191671,39.07723735439629,188923200
2018-02-02,37.51808166503906,38.990754742832486,37.42458008451683,38.803748014931365,346375200
2018-02-05,36.58071517944336,38.30818309023463,36.466172711856956,37.19082244248908,290954000
2018-02-06,38.1094970703125,38.270790367350905,35.99866645876102,36.19268567354218,272975200
2018-02-07,37.29369354248047,38.19599820522456,37.18383072957778,38.12353390513914,206434400
2018-02-08,36.26748275756836,37.634965863191155,36.23943299272922,37.46899643189285,217562000
2018-02-09,36.71110153198242,37.05847236599864,35.262936939379905,36.86601145387924,282690400
2018-02-12,38.18976593017578,38.46672273816519,36.96926786105699,37.20163266035302,243278000
2018-02-13,38.572349548339844,38.66858177983185,37.94097729101988,38.01139120629208,130196800
2018-02-14,39.28351593017578,39.32341630642415,38.22966752219258,38.26721850010876,162579600
2018-02-15,40.60258102416992,40.62604993130771,39.66608460137815,39.851504367782084,204588800
2018-02-16,40.471153259277344,41.032115117639805,40.31624696133215,40.454725377080166,160704400
2018-02-20,40.33502197265625,40.900671851907454,40.234094542494496,40.38196338095014,135722000
2018-02-21,40.15194320678711,40.86780765643654,40.13785756271119,40.56503256469426,149886400
2018-02-22,40.48759078979492,40.82792054682032,40.3021709353275,40.323294036203414,123967600
2018-02-23,41.19171142578125,41.226916584183606,40.73167706139258,40.76219058627438,135249600
2018-02-26,42.00617218017578,42.10475023951389,41.35837196963928,41.391231322751985,152648800
2018-02-27,41.870025634765625,42.360569950834076,41.81604319718002,42.03667174392078,155712400
2018-02-28,41.806663513183594,42.393440189851454,41.79023562856521,42.074233534488116,151128400
2018-03-01,41.074344635009766,42.19626073338557,40.525122829140166,41.90521837352542,195208000
2018-03-02,41.35836410522461,41.37948720362311,40.475849792751795,40.557999950612896,153816000
2018-03-05,41.50153350830078,41.71746684872899,40.961698366530335,41.12364926720145,113605600
2018-03-06,41.46632385253906,41.837167053383304,41.33958169646813,41.75736630395347,95154000
2018-03-07,41.081398010253906,41.273862430596104,40.903019234965775,41.06027491477236,126814000
2018-03-08,41.529701232910156,41.57194742905669,41.090793481964944,41.187022122543205,95096400
2018-03-09,42.243221282958984,42.24791649869535,41.63532156620826,41.76910835419292,128740800
2018-03-12,42.651615142822266,42.80887083210406,42.29720338770059,42.31597708610445,128828400
2018-03-13,42.240867614746094,43.06939575890961,42.069529876916704,42.85580825010609,126774000
2018-03-14,41.88176727294922,42.369965835063375,41.73389842335402,42.3230244232332,117473600
2018-03-15,41.931053161621094,42.30424579003283,41.79492414608478,41.89584799922378,90975200
2018-03-16,41.7831916809082,42.0413712517957,41.68930527034882,41.931056957763644,157618800
2018-03-19,41.144775390625,41.65409704324905,40.75985008912387,41.618891880252036,133787200
2018-03-20,41.13068771362305,41.49683568443578,41.06027381583607,41.13068771362305,78597600
2018-03-21,40.19888687133789,41.09547953238162,40.196537473159985,41.083743285691064,148219600
2018-03-22,39.63089370727539,40.52983232296425,39.572216046223105,39.90080951555583,165963200
2018-03-23,38.71316146850586,39.882019088604274,38.71316146850586,39.522912207842715,164115200
2018-03-26,40.55095291137695,40.62840784209897,39.06523432694473,39.4478137655839,150164800
2018-03-27,39.51118850708008,41.10956740172063,39.177899826116274,40.76454247240878,163690400
2018-03-28,39.074623107910156,39.90550071027378,38.77184798320467,39.25535128853273,166674000
2018-03-29,39.37974166870117,40.31154297775571,39.17319520783287,39.386782699739925,153594000
2018-04-02,39.12155532836914,39.652003498357566,38.60284698433149,39.112168481567124,150347200
2018-04-03,39.52290344238281,39.60739937096346,38.69907082477014,39.346870556289645,121112000
2018-04-04,40.278690338134766,40.372573155198666,38.673270529102645,38.69908884100521,138422000
2018-04-05,40.55799865722656,40.89363314796675,40.38900671262728,40.506362030743446,107732800
2018-04-06,39.52057647705078,40.482887897857516,39.478326701909054,40.12847614077942,140021200
2018-04-09,39.91254806518555,40.62606688890287,39.865606649917375,39.87264768313758,116070800
2018-04-10,40.66361618041992,40.839649150897934,40.25991361494503,40.60493852359392,113634400
2018-04-11,40.473506927490234,40.820877702734585,40.29981974916783,40.424216112898584,89726400
2018-04-12,40.87251281738281,41.074364121464306,40.61432966748776,40.70117504412537,91557200
2018-04-13,41.010990142822266,41.27151910294791,40.80444720984534,41.02272639139374,100497200
2018-04-16,41.26681900024414,41.35366077533175,41.03445421925359,41.08139562250636,86313600
2018-04-17,41.83482360839844,41.999120331657075,41.40530272955087,41.42408000955185,106421600
2018-04-18,41.74093246459961,41.970951432420364,41.515612292995044,41.73389143307444,83018000
2018-04-19,40.55799865722656,41.16589834553228,40.525139311410044,40.78331886242555,139235200
2018-04-20,38.896236419677734,40.187144570368126,38.828168347966916,40.04162516124711,261964400
2018-04-23,38.78358459472656,39.17789672189711,38.513665229708735,39.15677362538438,146062000
2018-04-24,38.243743896484375,39.039412648935595,37.84004139740122,38.88450280085499,134768000
2018-04-25,38.41039276123047,38.825831574734394,38.11935387520056,38.16864110139597,113528400
2018-04-26,38.544189453125,38.898601302546695,38.34468393585133,38.520716951774844,111852000
2018-04-27,38.09821701049805,38.56998391202602,37.70155562030748,38.49252900316644,142623200
2018-04-30,38.788272857666016,39.25769406239759,37.98556302734298,38.053631107612816,169709600
2018-05-01,39.689571380615234,39.71304029620329,38.79062918324785,39.05819917447311,214277600
2018-05-02,41.44286346435547,41.71982032748539,40.79271392537692,41.128348454227634,266157600
2018-05-03,41.51797103881836,41.66114469341514,40.9429306029922,41.28091454705021,136272800
2018-05-04,43.146846771240234,43.24542478603207,41.81838401597067,41.83716129232139,224805200
2018-05-07,43.459022521972656,44.04814493310454,43.36279030101084,43.46371415611706,169805600
2018-05-08,43.66790771484375,43.70780808695571,43.10929534247727,43.41911505261652,113611200
2018-05-09,43.97537612915039,43.98476297690126,43.473095611593955,43.7852611249509,92844800
2018-05-10,44.604408264160156,44.681863204805836,44.04344998015062,44.064576659526814,111957200
2018-05-11,44.43475341796875,44.78110870210072,44.16615172774492,44.646809654593504,104848800
2018-05-14,44.331085205078125,44.656235967916004,44.262758245240285,44.53371481746541,83115200
2018-05-15,43.928192138671875,44.076631181678145,43.61246796024898,44.00830061465196,94780800
2018-05-16,44.33815383911133,44.40412953249525,43.82451341829647,43.84100824044488,76732400
2018-05-17,44.05776596069336,44.51014751846301,43.90932697002195,44.29573644198409,69176000
2018-05-18,43.89754104614258,44.25096443958396,43.85513196462978,44.10488392076163,73190800
2018-05-21,44.208560943603516,44.59497042544534,44.03891740570134,44.295737574533284,73603200
2018-05-22,44.09783935546875,44.50309868458647,44.008304230716284,44.385290823685054,60962800
2018-05-23,44.38057327270508,44.41355932680517,43.76797101632021,43.90698701129441,80233600
2018-05-24,44.331085205078125,44.493660586497064,43.87399384244604,44.47716935972642,92936000
2018-05-25,44.43240737915039,44.6845142986647,44.21328291731223,44.34994044932966,69844000
2018-05-29,44.27218246459961,44.472457219965484,44.02949861480413,44.201500640550265,90056400
2018-05-30,44.177947998046875,44.295755859375,44.00830439011752,44.229783744648095,74762000
2018-05-31,44.029502868652344,44.349940351070494,43.8575044214986,44.11196979829037,109931200
2018-06-01,44.82353210449219,44.828241829945235,44.23684771666393,44.293396778992886,93770000
2018-06-04,45.19815444946289,45.57278250226014,45.0850599344167,45.15338689688778,105064800
2018-06-05,45.546871185302734,45.69531022935619,45.32303698544506,45.49032571725215,86264000
2018-06-06,45.7047233581543,45.72828636153599,45.21935568825165,45.62226003673747,83734400
2018-06-07,45.582210540771484,45.756563841147845,45.3183185372882,45.74242747573462,85388800
2018-06-08,45.16753387451172,45.238219311227645,44.71279724984477,45.04265782757154,106627200
2018-06-11,45.05678939819336,45.23114631083224,44.81646397224416,45.08506572699524,73234000
2018-06-12,45.304176330566406,45.38192992552389,45.037929498912845,45.0944785484845,67644400
2018-06-13,44.93191146850586,45.44555554341027,44.870652683238966,45.33717074386563,86553600
2018-06-14,44.955474853515625,45.13689994342156,44.81881732042377,45.132186622912144,86440400
2018-06-15,44.493675231933594,44.80468973270955,44.357017672066355,44.77405853621199,246876800
2018-06-18,44.47010803222656,44.58320256034685,44.10725784482574,44.26747838860552,73939600
2018-06-19,43.7514762878418,43.90227017955534,43.223695869239414,43.62188694452313,134314000
2018-06-20,43.94232177734375,44.10725202475832,43.76089670758285,43.90698086547268,82514800
2018-06-21,43.69728088378906,44.37820998177126,43.574759736739,44.11903132362873,102847600
2018-06-22,43.57004928588867,43.85985555346904,43.51821355084701,43.852787370982426,108801600
2018-06-25,42.92211151123047,43.5700546843232,42.58282432899554,43.21191781471853,126652400
2018-06-26,43.4546012878418,43.94939568980616,43.00928776415795,43.115317704014764,98276800
2018-06-27,43.390987396240234,44.126107216581914,43.360356205322596,43.64309432120707,101141200
2018-06-28,43.70671463012695,43.874003367746724,43.306168638273,43.37685407100263,69460800
2018-06-29,43.61482238769531,44.104903475310294,43.09646856653667,43.89284718810203,90950800
2018-07-02,44.1025390625,44.130815387435966,43.21662544405176,43.31087386848866,70925200
2018-07-03,43.33444595336914,44.28397708664571,43.2449108227678,44.24627770584401,55819200
2018-07-05,43.683143615722656,43.92111774246245,43.41925521678168,43.65015756585503,66416800
2018-07-06,44.28868103027344,44.39706223311594,43.636024569780716,43.68786030860455,69940800
2018-07-09,44.90363693237305,44.92719634335544,44.6020491482026,44.649171565377365,79026400
2018-07-10,44.84945297241211,45.06857386256042,44.809395136912464,44.93427477396867,63756400
2018-07-11,44.26747131347656,44.71513962901053,44.20385407867217,44.41355187208477,75326000
2018-07-12,45.00967788696289,45.09921302531896,44.604418496271734,44.65625425056091,72164400
2018-07-13,45.08034896850586,45.20051167231687,44.97903235551187,45.02144504787517,50055600
2018-07-16,44.981388092041016,45.39135705389442,44.8659351203138,45.125113793493355,60172400
2018-07-17,45.1086311340332,45.207589309963836,44.578495737483614,44.70808510901566,62138000
2018-07-18,44.86122131347656,45.19108540259918,44.750481662975155,45.18637208262621,65573600
2018-07-19,45.209938049316406,45.36780012426097,44.69393913236674,44.69393913236674,81147200
2018-07-20,45.10625457763672,45.33951173900121,44.80702173550467,45.186363025070804,82704800
2018-07-23,45.14631271362305,45.22877962532212,44.66329993483419,44.92718829993629,63957600
2018-07-24,45.47382736206055,45.62933457754806,45.24999317957946,45.344238015820956,74791600
2018-07-25,45.902645111083984,45.90971329334485,45.33952022609749,45.487959243995,66839600
2018-07-26,45.7589225769043,46.17125001494184,45.617551731493165,45.85316741037176,76304000
2018-07-27,44.997886657714844,45.98983036478812,44.79054728056739,45.942707942491445,96096000
2018-07-30,44.74578094482422,45.28533934601686,44.547864608639095,45.21465391303347,84118000
2018-07-31,44.835304260253906,45.271194687816894,44.61147009280662,44.83766271788807,157492000
2018-08-01,47.476566314697266,47.537825105988844,46.48933589897435,46.918158223646834,271742800
2018-08-02,48.86432647705078,49.09758725034946,47.205593985888,47.25978457536614,249616000
2018-08-03,49.005714416503906,49.18242620477099,48.414316664168645,48.779521745629395,133789600
2018-08-06,49.26016616821289,49.30257525994022,48.78893486345839,49.00805569446865,101701600
2018-08-07,48.798362731933594,49.36148405297779,48.715895807364944,49.319074957057836,102349600
2018-08-08,48.83134841918945,48.9632926213491,48.18811863605624,48.548610329531655,90102000
2018-08-09,49.21540832519531,49.427461016071646,48.81957208162651,49.368557091360415,93970400
2018-08-10,49.068817138671875,49.4400328797773,48.865476836370014,49.02862242410072,98444800
2018-08-13,49.38563537597656,49.877435128986555,49.10899869137438,49.48967042478114,103563600
2018-08-14,49.59370422363281,49.785221646005944,49.24140438229996,49.69064629919543,82992000
2018-08-15,49.709571838378906,49.82779284898479,49.25796671198787,49.46839996655359,115230400
2018-08-16,50.43781280517578,50.55366708451775,50.00039363053768,50.066597106681336,114001600
2018-08-17,51.44505310058594,51.532535490008144,50.399979846645785,50.466183320989956,141708000
2018-08-20,50.94379806518555,51.82335904051192,50.86104191692848,51.56800483956419,121150800
2018-08-21,50.844486236572266,51.35283870270329,50.60568111471057,51.26062646675485,104639200
2018-08-22,50.84685516357422,51.15659362058982,50.5607587429564,50.622235974791955,76072400
2018-08-23,50.95088577270508,51.319734700207334,50.74045254571631,50.75227175897287,75532800
2018-08-24,51.10930633544922,51.28427111585805,50.861041500529375,51.21334139829706,73905600
2018-08-27,51.53017807006836,51.719332421045124,51.149506246562076,51.343386840644364,82100400
2018-08-28,51.94631576538086,52.14492621424723,51.761891261745056,51.783170179590904,91107200
2018-08-29,52.72183609008789,52.84242381895519,51.877740027109745,52.052704797907644,109019200
2018-08-30,53.20654296875,53.97024961852312,52.58469935427872,52.78567649739625,195175200
2018-08-31,53.82130432128906,54.11449015060924,53.43590263011833,53.556486775291695,173360400
2018-09-04,53.993896484375,54.18777705269031,53.584852825321335,54.005719306205876,109560400
2018-09-05,53.64160919189453,54.30364768385519,53.223109341809504,54.142868814226496,133332000
2018-09-06,52.75022506713867,53.755103822862765,52.32462863726809,53.49028626215467,137160000
2018-09-07,52.324615478515625,53.2869325453365,52.18511556397365,52.45465930046942,150479200
2018-09-10,51.622371673583984,52.45464835256369,51.18258949973983,52.24184843164807,158066000
2018-09-11,52.92755126953125,53.033949464303724,51.2038868045044,51.54672703557977,142996000
2018-09-12,52.27023696899414,53.19945233807959,51.97941069858313,53.18526639470711,197114800
2018-09-13,53.532833099365234,53.991531148163254,52.62489670197329,52.84951587627025,166825600
2018-09-14,52.92517852783203,53.63450455616086,52.613076951433094,53.37678363174455,127997200
2018-09-17,51.51599884033203,52.71475824693131,51.37176903479124,52.525603871297875,148780400
2018-09-18,51.60110092163086,52.454656645298286,51.33628344092451,51.494699140442705,126286800
2018-09-19,51.631832122802734,51.92738458695363,50.905957146913586,51.66257073357624,108495200
2018-09-20,52.02434158325195,52.55633617131596,51.816271434307,52.07399599891171,106435200
2018-09-21,51.46396255493164,52.338797164845985,51.37647656846738,52.201660382649074,384986800
2018-09-24,52.20403289794922,52.31516093786843,51.2204368199305,51.26536138174706,110773600
2018-09-25,52.53505325317383,52.68401288099076,51.94631132173357,51.95813414435409,98217600
2018-09-26,52.11654281616211,52.90389507297976,51.960490237444716,52.25367960280906,95938800
2018-09-27,53.18762969970703,53.53992959522191,52.85424559802705,52.9204526803586,120724800
2018-09-28,53.374420166015625,53.398062202116094,52.96773962377275,53.14979737223942,91717600
2018-10-01,53.73381423950195,54.24452988828253,53.518654734943205,53.896959816847335,94403200
2018-10-02,54.21142578125,54.381664323409666,53.584855874564354,53.73144877171672,99152800
2018-10-03,54.87109375,55.202111089246685,54.329639578452706,54.39347992524257,114619200
2018-10-04,53.90639877319336,54.937285767755164,53.608479622145595,54.56607019313776,128168000
2018-10-05,53.03157424926758,54.00571773627825,52.15437645532441,53.89931955853073,134322000
2018-10-08,52.90863037109375,53.15216535637329,52.06453065114557,52.53978140728469,118655600
2018-10-09,53.64160919189453,53.73618818092864,52.549248025242136,52.877902345519175,107564000
2018-10-10,51.15659713745117,53.5186542874467,51.0833006862872,53.308221027600226,167962400
2018-10-11,50.70499038696289,51.89902330763163,50.201371338479035,50.721543060089694,212497600
2018-10-12,52.516136169433594,52.698197531427574,51.27008573845108,52.11654858627355,161351600
2018-10-15,51.393035888671875,52.44993197126722,51.37175697346174,52.29151625611603,123164000
2018-10-16,52.52560043334961,52.72421449906567,51.25117791678364,51.76425673692637,116736000
2018-10-17,52.29860305786133,52.64144321335758,51.86118394400235,52.56105380461304,91541600
2018-10-18,51.07619857788086,51.95576305015513,50.362142773439196,51.51125096413181,130325200
2018-10-19,51.854103088378906,52.31516434368788,51.40959089976347,51.558550539101454,132314800
2018-10-22,52.17093276977539,52.81169226211933,51.766618916580256,51.967592478519066,115168400
2018-10-23,52.66272735595703,52.785678210129554,50.76409832307149,51.03127894622945,155071200
2018-10-24,50.85630798339844,53.01738767953561,50.726264164214655,52.63198967990546,163702000
2018-10-25,51.96995162963867,52.3435304176031,51.248802817676285,51.47578872209439,119423200
2018-10-26,51.14240646362305,52.06216571984942,50.28412082995475,51.04782749681985,189033600
2018-10-29,50.18245315551758,51.94394539631925,48.72833263934348,51.82572439213365,183742000
2018-10-30,50.43308639526367,50.8775949642934,49.480225290241705,49.924733859271434,146640000
2018-10-31,51.74770736694336,52.123649361726414,51.21807587449459,51.279553116688625,153435600
2018-11-01,52.542152404785156,52.57525414732443,51.26300005412576,51.79263154257351,233292800
2018-11-02,49.056983947753906,50.51583061906915,48.572277138067086,49.54642060751403,365314800
2018-11-05,47.66434097290039,48.326379281390906,46.85570978180658,48.30510036768756,264654800
2018-11-06,48.17979049682617,48.4044096899324,47.68799067176834,47.74237132513075,127531600
2018-11-07,49.6410026550293,49.66701142221143,48.264911939279166,48.69996440139942,133697600
2018-11-08,49.46780014038086,49.85454290419516,49.0549542402841,49.82132566766374,101450400
2018-11-09,48.513980865478516,48.87937043055105,47.98724786748592,48.77022964453493,137463200
2018-11-12,46.07013702392578,47.41781558554865,45.9799743974334,47.21613716957594,204542000
2018-11-13,45.609832763671875,46.784303647550004,45.42476479992899,45.46747474101187,187531600
2018-11-14,44.32147979736328,46.14368876236647,44.115055029309836,46.006073457133304,243204000
2018-11-15,45.415279388427734,45.54814833515879,44.34520285307609,44.698732002376936,185915200
2018-11-16,45.918270111083984,46.25993508024734,44.95259555835742,45.19935158030532,147713200
2018-11-19,44.09843826293945,45.24680950472581,43.89201716190447,45.080723353294985,167701200
2018-11-20,41.99150466918945,43.05683460015604,41.64272195581489,42.32130559172112,271300800
2018-11-21,41.944061279296875,42.772124438484425,41.889490881307914,42.64399822705807,124496800
2018-11-23,40.87873077392578,41.90135460850539,40.83365308403461,41.507490510580666,94496000
2018-11-26,41.43156433105469,41.50986287918792,40.39708001756018,41.341405328689035,179994000
2018-11-27,41.341407775878906,41.46715900960743,40.54419042635813,40.693666190363125,165549600
2018-11-28,42.931087493896484,43.01412876378861,41.50511064186913,41.93219192550799,184250000
2018-11-29,42.60128402709961,43.37240165859395,42.16233869639406,43.339184428515075,167080000
2018-11-30,42.37113571166992,42.78635290696132,42.003371186044795,42.776860200784085,158126000
2018-12-03,43.8516845703125,43.88015544911543,42.99515063572571,43.76626831349695,163210000
2018-12-04,41.92271423339844,43.27513564881861,41.82306251019987,42.933470529047675,165377200
2018-12-06,41.45528793334961,41.46952337319293,40.435039173164846,40.75297606435523,172393600
2018-12-07,39.97711944580078,41.40072149253783,39.93203813505562,41.16345448474832,169126400
2018-12-10,40.240482330322266,40.356740836565265,38.75281731229737,39.149052745025465,248104000
2018-12-11,40.01034164428711,40.76010273038026,39.623595215094355,40.72926047741938,189126800
2018-12-12,40.121849060058594,40.79094008262468,40.10286726659763,40.43029324768022,142510800
2018-12-13,40.560791015625,40.9451659993989,40.22861867943218,40.45165022819319,127594400
2018-12-14,39.26293182373047,40.11709424732682,39.21547916028759,40.09811245786843,162814800
2018-12-17,38.89754867553711,39.94389690996211,38.610454041222965,39.25582050641888,177151600
2018-12-18,39.40293502807617,39.74934284350836,39.00432455915935,39.239220208007154,135366000
2018-12-19,38.17388916015625,39.730360169185076,37.74680781733559,39.38632372817106,196189200
2018-12-20,37.2105827331543,38.463352159374345,36.847564525579564,38.05762401069301,259092000
2018-12-21,35.76325225830078,37.52614787017046,35.50226074249866,37.217700060216195,382978400
2018-12-24,34.837913513183594,35.957814025738095,34.78096813070543,35.15110406579586,148676800
2018-12-26,37.291259765625,37.30549520857778,34.811819953403344,35.186702306259825,234330000
2018-12-27,37.04924774169922,37.196355771925646,35.60666728965384,36.975695536789914,212468400
2018-12-28,37.06822204589844,37.61156549819046,36.669615227461684,37.3695521467641,169165600
2018-12-31,37.42649459838867,37.81086594612177,37.12753588756801,37.61393391895783,140014000
2019-01-02,37.46921157836914,37.689871814400156,36.593695596828695,36.750292716540024,148158800
2019-01-03,33.73699951171875,34.57455183641599,33.69191819683805,34.16170590164323,365248800
2019-01-04,35.17720031738281,35.24600976737911,34.11899163910133,34.292195516680664,234428400
2019-01-07,35.09890365600586,35.31244611659193,34.617251961933846,35.281600249745665,219111200
2019-01-08,35.76799392700195,36.0218713099174,35.23888962424999,35.485645667649806,164101200
2019-01-09,36.37540054321289,36.664866551777166,35.502259784558376,35.89612022438251,180396400
2019-01-10,36.49165725708008,36.53199220371461,35.79409185202172,36.18320950118543,143122800
2019-01-11,36.133384704589844,36.46793199596804,35.94831676050969,36.27337496621485,108092800
2019-01-14,35.59005355834961,35.891383692191056,35.40498556947879,35.79173197667657,129756800
2019-01-15,36.31847381591797,36.394397399203584,35.60192621779174,35.65412526522925,114843600
2019-01-16,36.76215362548828,36.98518520942271,36.30185501531,36.320836811858406,122278800
2019-01-17,36.98041915893555,37.407500302787064,36.36352377110496,36.58655523624995,119284800
2019-01-18,37.208213806152344,37.45971625451414,37.00890676859886,37.369553633249645,135004000
2019-01-22,36.37302780151367,37.186851783715795,36.211684376745275,37.110928234724035,121576000
2019-01-23,36.5201530456543,36.80961920876495,35.993419773135486,36.574723467103716,92522400
2019-01-24,36.23067092895508,36.65300590810053,36.00289663164888,36.565218274806185,101766000
2019-01-25,37.43124771118164,37.51903897969798,36.61505211762605,36.89027913828178,134142000
2019-01-28,37.084835052490234,37.091952773285364,36.458450279667375,36.963826558158345,104768400
2019-01-29,36.700462341308594,37.519036488429236,36.565222017267494,37.07297331497307,166348800
2019-01-30,39.2083625793457,39.42190138123713,38.01728150422006,38.73382869033698,244439200
2019-01-31,39.49072265625,40.098125636928835,39.04465950838577,39.41242410665209,162958400
2019-02-01,39.50970458984375,40.09337942283648,39.36971429863973,39.61410265633867,130672400
2019-02-04,40.63197708129883,40.72925742817227,39.69002672443846,39.7208725954977,125982000
2019-02-05,41.32716369628906,41.54070616529914,40.89296827882337,41.013973143644144,144406400
2019-02-06,41.341407775878906,41.65697335385666,41.011606755653766,41.43868450470518,112958400
2019-02-07,40.55842208862305,41.27022309791329,40.41606043860214,40.904829885716296,126966800
2019-02-08,40.606082916259766,40.665654071185585,40.13189521411374,40.26771919259328,95280000
2019-02-11,40.37255859375,40.79670853270349,40.32966911040256,40.75858212354943,83973600
2019-02-12,40.720455169677734,40.7466666211287,40.436895913781186,40.53221193539128,89134000
2019-02-13,40.551265716552734,41.099320945808756,40.48931303829851,40.8395916413653,89960800
2019-02-14,40.699012756347656,40.80862164255103,40.36064904112932,40.43928339998026,87342800
2019-02-15,40.60846710205078,40.913471144288906,40.44881683274918,40.80624378561589,98507200
2019-02-19,40.729984283447266,40.85151175450796,40.38685751910222,40.43928042114127,75891200
2019-02-20,40.992095947265625,41.29948509114437,40.7442815842349,40.791937772979175,104457600
2019-02-21,40.76097106933594,41.07312337466057,40.5798760468402,40.93730301677255,68998800
2019-02-22,41.21609115600586,41.223239403756004,40.83721948150898,40.884875678488214,75652800
2019-02-25,41.516319274902344,41.90710582108216,41.44959988672047,41.49964124582385,87493600
2019-02-26,41.5401496887207,41.771286013409664,41.26373871380323,41.39241441823523,68280800
2019-02-27,41.668827056884766,41.699805218546146,41.15889815564964,41.2732773821219,111341600
2019-02-28,41.25897216796875,41.67835534148874,41.20416773449612,41.53776831669921,112861600
2019-03-01,41.69266128540039,41.73555077281449,41.19702882720667,41.52824431177665,103544800
2019-03-04,41.902347564697266,42.35508684168328,41.45437136174755,41.86422115680062,109744800
2019-03-05,41.82609558105469,41.938089634020294,41.59019251792692,41.9237931397582,78949600
2019-03-06,41.58543395996094,41.81657033812453,41.44722844052762,41.621175199497635,83241600
2019-03-07,41.10409164428711,41.56636432916655,40.98971605951243,41.43054036805001,99185600
2019-03-08,41.20179748535156,41.23992389992285,40.38924599998411,40.58464114771072,95997600
2019-03-11,42.629112243652344,42.68153514499979,41.783204847044914,41.81656454463562,128044000
2019-03-12,43.10807800292969,43.52745768868281,42.74111759645231,42.89123809327808,129870400
2019-03-13,43.29869079589844,43.67756238941142,43.11044394955633,43.42736286383217,124130000
2019-03-14,43.780025482177734,43.86819325045519,43.501232955961775,43.82053342503637,94318000
2019-03-15,44.34952163696289,44.63784755758058,43.782406850290364,44.04690286026948,156171600
2019-03-18,44.802276611328125,44.89044075986763,44.27089927495176,44.27328444822138,104879200
2019-03-19,44.44721984863281,45.033401481377794,44.30186611779311,44.880899504425805,126585600
2019-03-20,44.83562088012695,45.1525397614325,44.01830299972137,44.375729817383224,124140800
2019-03-21,46.486934661865234,46.78240882980378,45.22879245634288,45.27883381453322,204136800
2019-03-22,45.52428436279297,47.10649433690762,45.45994648746014,46.54652393961974,169630800
2019-03-25,44.97384262084961,45.745882499269285,44.46391365530103,45.633888431682614,175381200
2019-03-26,44.50917053222656,45.96032623886354,43.982563700573884,45.66961879021226,199202000
2019-03-27,44.90950393676758,45.21688950575341,44.451997889288634,44.97622334144566,119393600
2019-03-28,44.96906280517578,45.16922096451442,44.68550359481245,45.0238672363422,83121600
2019-03-29,45.26215744018555,45.2931356005877,44.926175293457625,45.23356445269698,94256000
2019-04-01,45.569541931152344,45.67438408651486,44.88804792365926,45.66485430363971,111448000
2019-04-02,46.23197937011719,46.33682517645646,45.52427381326158,45.533803597504026,91062800
2019-04-03,46.54890060424805,46.822926454826096,46.02467154689668,46.0485014625707,93087200
2019-04-04,46.629913330078125,46.791945110655476,46.02228688104425,46.41545501139502,76457200
2019-04-05,46.94207000732422,46.965899923630765,46.68710371939616,46.81101273950768,74106400
2019-04-08,47.68075180053711,47.71172632732698,46.78479934209682,46.80386254716306,103526800
2019-04-09,47.53776931762695,48.33602404124384,47.47343146891006,47.733164400421316,143072800
2019-04-10,47.804656982421875,47.833253607870596,47.22324195607037,47.342384260292086,86781200
2019-04-11,47.40671157836914,47.895195644215804,47.285187764028926,47.85945441527274,83603200
2019-04-12,47.38765335083008,47.69027578606465,46.75381913013985,47.46628769869107,111042800
2019-04-15,47.47344207763672,47.621181009035936,47.182734561059235,47.31855853470994,70146400
2019-04-16,47.47821044921875,47.98337267920693,47.31379347996625,47.528251819139626,102785600
2019-04-17,48.40275192260742,48.462323072559556,47.32570451341118,47.547307445984586,115627200
2019-04-18,48.576690673828125,48.6457915965976,48.257390235218836,48.400358790031696,96783200
2019-04-22,48.7363395690918,48.834037108916725,48.21449581375746,48.331256554226314,77758000
2019-04-23,49.43928146362305,49.503619315451935,48.58622226846949,48.71251279943443,93292000
2019-04-24,49.363037109375,49.6775708811361,49.33682565873371,49.4106933007407,70162400
2019-04-25,48.91505432128906,49.50599901366292,48.87692791895943,49.28439611749792,74172800
2019-04-26,48.68154525756836,48.848343752952516,48.162082930875414,48.82451383821142,74596400
2019-04-29,48.755409240722656,49.079476422813116,48.576695801391914,48.705367877898986,88818800
2019-04-30,47.81656265258789,48.467078489226644,47.44483931736575,48.386062610715946,186139600
2019-05-01,50.163665771484375,51.305047195466486,49.85627665797254,50.01116380100785,259309200
2019-05-02,49.837215423583984,50.67121140289478,49.594167784628695,50.001632355540394,127985200
2019-05-03,50.456764221191406,50.4782089626399,50.0945706099009,50.25183931905875,83569600
2019-05-06,49.67756652832031,49.76334911963592,48.490910378399384,48.6791535903768,129772400
2019-05-07,48.33841323852539,49.42499041337888,47.854695800035216,49.05803373574075,155054800
2019-05-08,48.347938537597656,48.92935347903369,48.07391273228292,48.10965396395561,105358000
2019-05-09,47.82847595214844,48.05722708778133,46.86104124501396,47.75222314964831,139634400
2019-05-10,47.16588592529297,47.565356793291954,46.111007044630455,47.223295764690995,164834800
2019-05-13,44.42463302612305,45.32403198718554,43.738123877782556,44.90064671970861,229722400
2019-05-14,45.12788772583008,45.3766564067439,44.350480579312546,44.58968277824102,146118800
2019-05-15,45.668479919433594,45.86701816748591,44.4963906935112,44.55619123871001,106178800
2019-05-16,45.467552185058594,46.039245266520595,45.17094015892705,45.42688825122322,132125600
2019-05-17,45.20920944213867,45.663692098249506,44.67339527551436,44.7140592058034,131516400
2019-05-20,43.795528411865234,44.09692550943149,43.123370837032205,43.89838725228515,154449200
2019-05-21,44.6351318359375,44.970013454882476,44.180645467442574,44.30503163302324,113459200
2019-05-22,43.72138595581055,44.422250430132046,43.666370461560184,44.17108734343066,118994400
2019-05-23,42.975074768066406,43.18557025463366,42.53254916971738,43.008562935243226,146118800
2019-05-24,42.810028076171875,43.56829879019288,42.72630582654269,43.10424582926103,94858800
2019-05-28,42.63301467895508,43.197532117519515,42.55647185928589,42.79806481034798,111792800
2019-05-29,42.429691314697266,42.90091998412499,42.09959108029265,42.200055575560086,113924800
2019-05-30,42.64974594116211,42.87220219842699,42.25984525162243,42.56602372502471,84873600
2019-05-31,41.87712860107422,42.57559854863849,41.857991988135176,42.154600363851024,108174400
2019-06-03,41.45375061035156,42.558863836181885,40.72896808562691,42.0039165147465,161584400
2019-06-04,42.97029495239258,43.0157439669586,41.74558051747907,41.96564616438153,123872000
2019-06-05,43.663978576660156,44.250027028807736,43.329096875378795,44.0801918196271,119093600
2019-06-06,44.305030822753906,44.364831371467275,43.57067833258456,43.793138271764924,90105200
2019-06-07,45.48429489135742,45.90768378892111,44.43659178289126,44.613599067232066,122737600
2019-06-10,46.06556701660156,46.732939648630975,45.83593126422042,45.88138027302039,104883600
2019-06-11,46.5989875793457,46.88363882764626,46.30955491422111,46.610948421278835,107731600
2019-06-12,46.450679779052734,46.87645943951271,46.25931727268128,46.39326993216043,73012800
2019-06-13,46.44110870361328,47.072602406865755,46.30955040496847,46.57267065219424,86698400
2019-06-14,46.10383605957031,46.307155751593456,45.52018207317705,45.81918484080178,75046000
2019-06-17,46.37892150878906,46.63486965392285,45.967493369838486,46.142109980575825,58676400
2019-06-18,47.46967697143555,47.90980815375586,46.69466416124891,46.8955931379687,106204000
2019-06-19,47.330936431884766,47.811735172431156,47.19698378872574,47.76389181421512,84496800
2019-06-20,47.711273193359375,47.98635426785553,47.369212143833636,47.9289444249456,86056000
2019-06-21,47.54861068725586,48.04376096889122,47.39791214068236,47.553395753002754,191202400
2019-06-24,47.50077819824219,47.87871815109603,47.40270441017317,47.49120806529403,72881600
2019-06-25,46.78078079223633,47.66343393459677,46.71380081144238,47.464895650291474,84281200
2019-06-26,47.792606353759766,48.07725759186515,47.20656161939147,47.30702611814578,104270000
2019-06-27,47.77825927734375,48.215999837860245,47.73759533236944,47.909817596404345,83598800
2019-06-28,47.3429069519043,47.720846929488616,47.13480217086817,47.524699340515674,124442400
2019-07-01,48.211212158203125,48.91446732715429,47.99592795243673,48.59871861867151,109012000
2019-07-02,48.493465423583984,48.5891485023053,48.165759547562075,48.177720388644275,67740800
2019-07-03,48.895328521728516,48.90250429660593,48.483900395720205,48.62502883489124,45448000
2019-07-05,48.85227584838867,49.055599226493996,48.534136409086,48.64178034451634,69062000
2019-07-08,47.84523010253906,48.17532669133114,47.46011437400138,48.0341982544595,101354400
2019-07-09,48.1370735168457,48.20165551170311,47.555810013566266,47.64909876718672,82312000
2019-07-10,48.61305618286133,48.732657268342905,48.213588995345106,48.28295966888828,71588400
2019-07-11,48.25904846191406,48.890542184265826,48.24948197897164,48.63220334558516,80767200
2019-07-12,48.62980651855469,48.79724732350111,48.36668264654188,48.42648319473245,70380800
2019-07-15,49.08668899536133,49.24455968604115,48.797252704231944,48.81878002796971,67789600
2019-07-16,48.916866302490234,49.30198211962224,48.67766402228246,48.93839363172402,67467200
2019-07-17,48.64176559448242,49.05797505883854,48.622628981763015,48.80920639335762,56430000
2019-07-18,49.19432830810547,49.246953087288276,48.72549036173215,48.79725175606653,74162400
2019-07-19,48.459983825683594,49.39526551603992,48.40496832917344,49.22543030950413,83717200
2019-07-22,49.567481994628906,49.569872702739694,48.70396187494887,48.71352835732806,89111600
2019-07-23,49.95500183105469,49.97174774213906,49.58423757781546,49.8641074492469,73420800
2019-07-24,49.9143180847168,50.02913410826558,49.55551481743322,49.67511590652774,59966400
2019-07-25,49.51964569091797,50.050674922943,49.450275001634395,49.9669526841349,55638400
2019-07-26,49.691871643066406,50.1678817358878,49.54834884778114,49.62967672847252,70475600
2019-07-29,50.15592956542969,50.385565347597584,49.85932109046995,49.8641061577897,86693600
2019-07-30,49.94064712524414,50.27074740921103,49.58901951404553,49.9358620581026,135742800
2019-07-31,50.95964050292969,52.95219547888276,50.54343096661381,51.76814519291497,277125600
2019-08-01,49.8569221496582,52.15326516054023,49.45267342174729,51.16535872118057,216071600
2019-08-02,48.80204772949219,49.37852242130375,48.230354455085056,49.163241840121984,163448400
2019-08-05,46.247344970703125,47.51750786269315,46.06555264216674,47.359637210251044,209572000
2019-08-06,47.122840881347656,47.3787890279519,46.4148006509655,46.957790753154114,143299200
2019-08-07,47.61082077026367,47.735206979322264,46.362188211787306,46.74251896551608,133457600
2019-08-08,48.66090393066406,48.684825611688794,47.694528606203654,47.888281812721345,108038000
2019-08-09,48.25992202758789,48.68491595492223,47.851730305039446,48.33435586806552,98478800
2019-08-12,48.13745880126953,48.51443488116721,47.8181106881789,47.93096316663212,89927600
2019-08-13,50.17601013183594,50.93716177711402,48.13746584722147,48.267127875565244,188874000
2019-08-14,48.68252182006836,49.568532297848215,48.64410316767906,48.78096824288931,146189600
2019-08-15,48.440006256103516,49.256382389403456,47.942974606430376,48.852997569788144,108909600
2019-08-16,49.58293533325195,49.74140951677776,48.944239015747925,49.04988847143179,110481600
2019-08-19,50.50735855102539,51.078820332819284,50.430521259871156,50.57218589365761,97654400
2019-08-20,50.50975799560547,51.227691316707656,50.50015516617898,50.634616760971866,107537200
2019-08-21,51.057220458984375,51.299731333447795,50.80750654514709,51.14126080341854,86141600
2019-08-22,51.01398849487305,51.489407284634304,50.603397042031474,51.189268512143016,89014800
2019-08-23,48.65610885620117,50.91555498677708,48.26232683356407,50.286461469002404,187272000
2019-08-26,49.580535888671875,49.74861290398016,49.23717515529538,49.429264742992345,104174400
2019-08-27,49.021080017089844,50.07516753420753,48.86980886104783,49.90949029926712,103493200
2019-08-28,49.35002136230469,49.39564304574739,48.819378019890564,49.00666433648422,63755200
2019-08-29,50.185604095458984,50.26004159092135,49.621345384100835,50.063148791485034,83962000
2019-08-30,50.120784759521484,50.53137262674945,49.75101166966507,50.46174203034494,84573600
2019-09-03,49.390846252441406,49.69818812822895,49.03548289552534,49.56612630727239,80092000
2019-09-04,50.22883605957031,50.2984666588224,49.77982952447207,50.03674646797927,76752400
2019-09-05,51.21088790893555,51.3765651308316,50.7858902958723,50.90354603728645,95654800
2019-09-06,51.20608901977539,51.484618759601176,51.02600570478871,51.395778829958495,77449200
2019-09-09,51.42459487915039,51.96964811295189,50.68025265249834,51.58546887972169,109237600
2019-09-10,52.032066345214844,52.05127566981013,50.833914491991756,51.3501518092004,127111600
2019-09-11,53.686424255371094,53.715240070323695,52.27937347467052,52.361014009265396,177158400
2019-09-12,53.56637954711914,54.365949877044244,53.51115502500784,53.976971102844466,128906800
2019-09-13,52.5242919921875,53.01411692029238,52.10890090309722,52.82443080357143,159053200
2019-09-16,52.8004150390625,52.85564321495497,52.23855609745347,52.27937453367597,84632400
2019-09-17,52.99251937866211,53.02133520223491,52.61314339856129,52.81483950835231,73274800
2019-09-18,53.489524841308594,53.50873415965253,52.68995482628112,53.078933447288,101360000
2019-09-19,53.05494689941406,53.72725500568296,52.913278574917605,53.3070606073627,88242400
2019-09-20,52.27938461303711,53.439121573319625,52.21695705097918,53.155792256513266,221652400
2019-09-23,52.517086029052734,52.78600921665871,52.260165462190585,52.57231054140675,76662000
2019-09-24,52.26737594604492,53.42231327005474,52.149723866608696,53.07174949586762,124763200
2019-09-25,53.071739196777344,53.184591670853635,52.137707462518556,52.47626488474743,87613600
2019-09-26,52.79801559448242,53.050132915210256,52.54349848236231,52.82442795501207,75334000
2019-09-27,52.541107177734375,53.05494473156102,52.17133407059121,52.95409485593707,101408000
2019-09-30,53.77767562866211,53.92414352515708,53.01412053525755,53.04053289901251,103909600
2019-10-01,53.926536560058594,54.79814079095974,53.832893402806675,54.04179249498683,139223200
2019-10-02,52.57472610473633,53.68403817289297,52.32740831027184,53.55917937969037,138449200
2019-10-03,53.02132797241211,53.05494337549281,51.65509540469614,52.447459000713295,114426000
2019-10-04,54.50760269165039,54.62285862206544,53.75845746297006,54.17865175845741,138478800
2019-10-07,54.519622802734375,55.20874044968746,54.22668698362583,54.32993665616627,122306000
2019-10-08,53.88092803955078,54.75973552309099,53.86412216814556,54.22188901725137,111820000
2019-10-09,54.51240921020508,54.69489228194408,54.17865501059328,54.51240921020508,74770400
2019-10-10,55.247154235839844,55.33119457436902,54.57724597451074,54.728513454537506,113013600
2019-10-11,56.71663284301758,57.059989886560345,55.78019754791175,55.93386847365883,166795600
2019-10-14,56.63499069213867,57.17764399561088,56.34685817252537,56.402082686698684,96427600
2019-10-15,56.502933502197266,57.06238901917909,56.397284055002885,56.75985041805286,87360000
2019-10-16,56.27482986450195,56.48372898515924,55.99390035444989,56.03471879637498,73903200
2019-10-17,56.49332809448242,56.70222353757521,56.07073396138555,56.447706408334824,67585200
2019-10-18,56.7646598815918,57.045589398505086,56.255621913343404,56.327655968301634,97433600
2019-10-21,57.749107360839844,57.864363302867055,56.983156188347394,57.03117766562347,87247200
2019-10-22,57.61705017089844,58.15489658740651,57.53540962798938,57.90518270314261,82293600
2019-10-23,58.390201568603516,58.40461130875165,57.91958597693626,58.130884866797174,75828800
2019-10-24,58.48625183105469,58.7791876143368,58.06125423337426,58.70955335592496,69275200
2019-10-25,59.20658874511719,59.242603940499954,58.31817850890162,58.38540931615225,73477200
2019-10-28,59.79965591430664,59.84767739008357,59.24019674518622,59.408273742307344,96572800
2019-10-29,58.4166145324707,59.967733495416816,58.24373795075097,59.7804471734003,142839600
2019-10-30,58.409420013427734,58.89924866845541,57.91719523037346,58.769586633499244,124522000
2019-10-31,59.730037689208984,59.82848412244298,56.96875995728241,59.36507144431984,139162000
2019-11-01,61.425209045410156,61.45161774300314,59.82606861277858,59.91730831812791,151125200
2019-11-04,61.82859802246094,61.912638359081036,61.31956374708165,61.78777591806556,103272000
2019-11-05,61.73974609375,61.994263181934244,61.54525675896028,61.72053310920405,79897600
2019-11-06,61.766151428222656,61.826179178351964,61.317145029672396,61.6532989648753,75864400
2019-11-07,62.47902297973633,62.7005915790344,62.16112308276353,62.3128483676645,94940400
2019-11-08,62.65003204345703,62.722278694428965,61.85769280629216,62.30082274800635,69986400
2019-11-11,63.1461296081543,63.211151577858246,62.20206528912608,62.2068792814575,81821200
2019-11-12,63.08832931518555,63.2882239296663,62.83786940371136,62.98958734351304,87388800
2019-11-13,63.69282150268555,63.767478813815906,62.87399440184441,62.88844372983046,102734400
2019-11-14,63.252113342285156,63.791574613561565,63.122062018099385,63.519433306302396,89182800
2019-11-15,64.00347900390625,64.00829299536413,63.34119137298703,63.50254460728658,100206400
2019-11-18,64.32621002197266,64.40568132510607,63.635023558282754,64.01312410296957,86703200
2019-11-19,64.13115692138672,64.54297759366457,63.914409585956776,64.51889292314802,76167200
2019-11-20,63.38454818725586,64.08054855468487,62.71262513008036,63.9505046207332,106234400
2019-11-21,63.100372314453125,63.5820361437923,62.90047770949757,63.50496816719241,121395200
2019-11-22,63.04497146606445,63.38213463998186,62.818588902947205,63.240044707745454,65325200
2019-11-25,64.15040588378906,64.1672658843364,63.22320139858819,63.26896005744073,84020400
2019-11-26,63.64949035644531,64.34067700985004,63.21839902520191,64.28769367668264,105207600
2019-11-27,64.50444030761719,64.538160314546,63.89513565756925,63.96015765000588,65235600
2019-11-29,64.36233520507812,64.54295915794552,64.03721061999535,64.20579591584789,46617600
2019-12-02,63.61814498901367,64.60314641398823,63.447156426385185,64.36712854544369,94487200
2019-12-03,62.48383712768555,62.503100445159816,61.72280746934591,62.20928524383632,114430400
2019-12-04,63.03535079956055,63.413458716319425,62.78006952636724,62.873997512530956,67181600
2019-12-05,63.96012496948242,64.03478961101634,63.27376001785631,63.529041212761236,74424400
2019-12-06,65.19560241699219,65.26544572676671,64.37436474563619,64.41772007388622,106075600
2019-12-09,64.28284454345703,65.21726600459068,63.79877014365754,65.02460345272102,128042400
2019-12-10,64.65856170654297,65.04148360806178,64.02757585193183,64.68746036332061,90420400
2019-12-11,65.21007537841797,65.28955405101115,64.66338940620615,64.73804673524272,78756800
2019-12-12,65.37622833251953,65.64114490385342,64.37918804536231,64.48996866624496,137310400
2019-12-13,66.26492309570312,66.30104642565348,65.24861176531338,65.37625243087754,133587600
2019-12-16,67.39923858642578,67.62321792745732,66.70564861456403,66.71046260860425,128186000
2019-12-17,67.53169250488281,67.85922045100963,67.14394921761478,67.32939453528536,114158400
2019-12-18,67.37033081054688,67.89052873128885,67.22101616979477,67.38478014032236,116028400
2019-12-19,67.43775939941406,67.71712534090744,67.1800748008847,67.31252943237541,98369200
2019-12-20,67.29808044433594,68.07114894305518,67.08614715319112,67.97000364021376,275978000
2019-12-23,68.3962631225586,68.45647110065944,67.52204210459728,67.56057609253462,98572000
2019-12-24,68.46128845214844,68.61061041883474,68.13617123413715,68.56244109414793,48478800
2019-12-26,69.81958770751953,69.83644770700805,68.56485537418061,68.59375403067095,93121200
2019-12-27,69.79308319091797,70.7973554694835,69.38848735406549,70.11098306970483,146266000
2019-12-30,70.20732116699219,70.4890977572307,68.69008295692782,69.71120798213394,144114400
2019-12-31,70.72030639648438,70.72753106158736,69.72566918619233,69.82441117567208,100805600
2020-01-02,72.33387756347656,72.39408555090253,71.0911838210517,71.34405442839761,135480400
2020-01-03,71.63064575195312,72.38926493117573,71.40667380039741,71.56321309934685,146322800
2020-01-06,72.20142364501953,72.23995764322866,70.5035611498287,70.75402846338375,118387200
2020-01-07,71.86185455322266,72.46633779595872,71.6426965801033,72.21105649751387,108872000
2020-01-08,73.0178451538086,73.31888511458335,71.56562867701548,71.56562867701548,132079200
2020-01-09,74.56878662109375,74.76144921222713,73.7427349209394,73.99319481949146,170108400
2020-01-10,74.73737335205078,75.30092656417412,74.23644614635045,74.8024026801614,140644800
2020-01-13,76.33409118652344,76.36058652225458,74.93485817482635,75.05287082554342,121532000
2020-01-14,75.30332946777344,76.48100118582082,75.18051017572739,76.27147857331117,161954400
2020-01-15,74.98062896728516,75.98249090201921,74.54953765831824,75.10345563091921,121923600
2020-01-16,75.91987609863281,76.03066410855739,75.16125678084022,75.52250477498995,108829200
2020-01-17,76.76036834716797,76.76277166888072,75.86206254796348,76.16791647174253,137816400
2020-01-21,76.24017333984375,76.8302072165908,76.10289736234121,76.38948797518701,110843200
2020-01-22,76.51228332519531,77.0637829818035,76.41835537387128,76.72420918407077,101832400
2020-01-23,76.88079833984375,76.96026966222608,76.01861570517516,76.56530902285643,104472000
2020-01-24,76.65922546386719,77.86819933392093,76.46896614550444,77.12644008388187,146537600
2020-01-27,74.405029296875,75.08416976822737,73.42484155700832,74.67234921705278,161940000
2020-01-28,76.50993347167969,76.68092216687323,75.18535721539082,75.2840992364493,162234000
2020-01-29,78.11143493652344,78.95675744540253,77.39857441186852,78.13793027321145,216229200
2020-01-30,77.99823760986328,78.05122092954578,76.76517927864235,77.19627050016777,126743200
2020-01-31,74.53990173339844,77.71165450707113,74.24608645041388,77.29019858022654,199588400
2020-02-03,74.33516693115234,75.49838164593486,72.78420907837199,73.285136141255,173788400
2020-02-04,76.78926086425781,76.9795201431656,75.53211792000401,75.93671379066781,136616400
2020-02-05,77.41545104980469,78.21260439944355,76.81337103650588,77.91396771511286,118826800
2020-02-06,78.32096099853516,78.32337167005116,77.12884718583062,77.6851684350144,105425600
2020-02-07,77.2563705444336,78.06989925267796,76.76632167871378,77.82125391424971,117684000
2020-02-10,77.62328338623047,77.62328338623047,75.76448107418051,75.84414097834794,109348800
2020-02-11,77.15496063232422,78.19058359645562,76.93769897957516,78.11816550122239,94323200
2020-02-12,78.98722076416016,78.99204618157108,77.60397618630914,77.60397618630914,113730400
2020-02-13,78.42477416992188,78.75067045270428,78.05784340706401,78.2606215155159,94747600
2020-02-14,78.44407653808594,78.6927218682662,77.93712767417983,78.39337649475979,80113600
2020-02-18,77.00772857666016,77.18878123005356,75.94796350927948,76.12901616267288,152531200
2020-02-19,78.12297821044922,78.35231441979775,77.24909895722334,77.24909895722334,93984000
2020-02-20,77.32154083251953,78.37164756799683,76.81700838375629,77.88401513292217,100566000
2020-02-21,75.57135772705078,77.35774940247184,74.95578178960817,76.91597690115918,129554000
2020-02-24,71.98168182373047,73.43010258149737,69.82112528029087,71.75959476642028,222195200
2020-02-25,69.54354095458984,73.03182567603444,69.07280838793456,72.65041125636773,230673600
2020-02-26,70.64673614501953,71.90927916190874,69.16210602316792,69.16934783382864,198054800
2020-02-27,66.02869415283203,69.04141300899963,65.89350875868202,67.85853712666133,320605600
2020-02-28,65.99005889892578,67.20915102510166,61.88861568726967,62.103468343907636,426510000
2020-03-02,72.1337890625,72.7686815326321,67.0425894386722,68.14338895911868,341397200
2020-03-03,69.8428726196289,73.38667475068135,68.99312746023453,73.30701482551375,319475600
2020-03-04,73.08251190185547,73.24183913660247,70.76262721041282,71.5616724101691,219178400
2020-03-05,70.71192169189453,72.31242082695749,70.34740002247567,71.33956494467967,187572800
2020-03-06,69.77283477783203,70.20494899083147,67.88989092478414,68.0757689182747,226176800
2020-03-09,64.25438690185547,67.13191312620091,63.48913439783881,63.67018706247143,286744800
2020-03-10,68.88206481933594,69.14761010810192,65.02685113261988,66.90256079781972,285290000
2020-03-11,66.4897689819336,67.88749740945617,65.62795665733853,66.96292517997638,255598800
2020-03-12,59.9235954284668,65.17895115078981,59.86807364961435,61.78481820985721,418474000
2020-03-13,67.10295104980469,67.57369096094727,61.06303266081341,63.94539557678096,370732000
2020-03-16,58.4703483581543,62.542820889319664,57.93684495675963,58.40758108532822,322423600
2020-03-17,61.041297912597656,62.187961018540406,57.55060118117008,59.749787528944104,324056000
2020-03-18,59.546993255615234,60.350867249400196,57.241589389983226,57.88131079294163,300233600
2020-03-19,59.09074783325195,61.036459434063396,58.566902685612334,59.72081110917334,271857200
2020-03-20,55.3393440246582,60.79264863512061,55.04000233501268,59.67012006159394,401693200
2020-03-23,54.16370391845703,55.16070158535809,51.32479999006741,55.05931255400759,336752800
2020-03-24,59.59769821166992,59.79323446043245,56.56084169108887,57.05813231967632,287531200
2020-03-25,59.269386291503906,62.34245170831376,58.97487373705756,60.53192552123785,303602000
2020-03-26,62.38833236694336,62.446266859922645,59.47217711965345,59.51080257065681,252087200
2020-03-27,59.8053092956543,61.76791740598874,59.638740277699725,61.014739603264104,204216800
2020-03-30,61.51203536987305,61.68343350383442,60.20604133587408,60.529524878595154,167976400
2020-03-31,61.38649368286133,63.366001623216455,60.83368129501873,61.702735358357586,197002000
2020-04-01,58.156524658203125,60.04188561745125,57.726826674200176,59.50596949204973,176218400
2020-04-02,59.12696075439453,59.18006982201146,57.188490836952404,58.01891951220774,165934000
2020-04-03,58.2772102355957,59.31282945954129,57.68818520309446,58.612760898074754,129880000
2020-04-06,63.361183166503906,63.51567759082076,60.20121192500367,60.568142628925735,201820400
2020-04-07,62.62730026245117,65.5893255452028,62.52349853876049,65.37205652922795,202887200
2020-04-08,64.230224609375,64.54404618126709,63.06183266990903,63.42634690897305,168895200
2020-04-09,64.69373321533203,65.19585671097452,63.89952086210519,64.86513503536223,161834800
2020-04-13,65.96353149414062,66.07216605732911,64.17231360053658,64.77099716065541,131022800
2020-04-14,69.29486846923828,69.58455560243435,67.12223707141726,67.59297682109842,194994800
2020-04-15,68.66239929199219,69.12106449233013,67.7450688913163,68.17235045630129,131154400
2020-04-16,69.20800018310547,69.57252198451438,68.16030942029695,69.37456926010336,157125200
2020-04-17,68.26890563964844,69.27073604048029,66.83496828577375,68.72516178272222,215250000
2020-04-20,66.85187530517578,67.99854202997274,66.83256626499734,67.09811161151838,130015200
2020-04-21,64.78545379638672,66.92911797835283,64.07572694243713,66.69495629705587,180991600
2020-04-22,66.65149688720703,67.08602016909022,65.71002486509416,66.05039726124157,116862400
2020-04-23,66.3932113647461,68.0154433517939,66.35458591659604,66.59598944224571,124814400
2020-04-24,68.30995178222656,68.31960998543786,66.86877252729914,66.91705617630512,126161200
2020-04-27,68.35822296142578,68.68894453234053,67.58090350335026,68.02749402346188,117087600
2020-04-28,67.25017547607422,69.0003506347447,67.15844834573424,68.81929803212363,112004800
2020-04-29,69.45905303955078,69.92737656274731,68.53206419889801,68.73484231712963,137280800
2020-04-30,70.92436218261719,71.1005894315717,69.6087172156617,69.99737340670072,183064000
2020-05-01,69.78251647949219,72.17965163700352,69.00519685948858,69.1017567929507,240616800
2020-05-04,70.76985931396484,70.89780288941466,69.11866006272429,69.80666159250394,133568000
2020-05-05,71.83203887939453,72.66246767070962,71.08368641004002,71.2285300116976,147751200
2020-05-06,72.57312774658203,73.2031872790944,72.14825527383692,72.53208591439893,142333600
2020-05-07,73.32389068603516,73.66910326152602,72.89660917840814,73.19836352852457,115215200
2020-05-08,75.06912231445312,75.12237513838589,73.65551062741005,73.98228898395239,133838400
2020-05-11,76.2503433227539,76.74413405998023,74.36955655879322,74.57772932553729,145946400
2020-05-12,75.37895965576172,77.38319101183461,75.25793117438776,76.93296121988755,162301200
2020-05-13,74.46882629394531,76.4779036027934,73.39409274246334,75.55808267285332,200622400
2020-05-14,74.92630767822266,74.98682191354754,72.98742921457588,73.70876155896555,158929200
2020-05-15,74.48336029052734,74.52935171327063,72.6679327201148,72.70182424718615,166348400
2020-05-18,76.23827362060547,76.61104348348049,75.11513293810333,75.80499689236754,135178400
2020-05-19,75.79772186279297,77.09998213452099,75.76625327530091,76.25520568719914,101729600
2020-05-20,77.27185821533203,77.34204942619355,76.6158784313997,76.65460843756124,111504800
2020-05-21,76.69575500488281,77.67366726497515,76.4585365069764,77.13387754437865,102688800
2020-05-22,77.1895523071289,77.27185079219365,76.33266854723075,76.43432834001963,81803200
2020-05-26,76.66668701171875,78.48452936483687,76.61101126364815,78.30540961703058,125522000
2020-05-27,77.00074768066406,77.14598335609439,75.78562421645006,76.52390248864035,112945200
2020-05-28,77.03463745117188,78.29091382648822,76.4004493161322,76.67639044487011,133560800
2020-05-29,76.95958709716797,77.73658783652532,76.60376308600569,77.27668110998019,153532400
2020-06-01,77.9060287475586,78.02705721931588,76.78288098389504,76.91359380175058,80791200
2020-06-02,78.2667007446289,78.29090791932163,77.19922860751555,77.63977407114822,87642800
2020-06-03,78.69755554199219,78.95898118849432,78.01495316022684,78.58621141173712,104491200
2020-06-04,78.01981353759766,78.81859867793425,77.64704369151033,78.52087329742372,87560400
2020-06-05,80.24186706542969,80.30238129398582,78.24005904410956,78.26910469189798,137250400
2020-06-08,80.71632385253906,80.75021537775042,79.23009773769596,79.93932296340279,95654400
2020-06-09,83.26519775390625,83.65732897173929,80.36535917971183,80.39682777642588,147712400
2020-06-10,85.4073715209961,85.87453965160508,83.77348714351568,84.2116096226659,166651600
2020-06-11,81.30693817138672,84.97652287764004,81.20527837641917,84.55292316229209,201662400
2020-06-12,82.00891876220703,84.18743203095863,80.90030081571983,83.44189962926336,200146000
2020-06-15,83.02312469482422,83.67425858934295,80.50331054070764,80.665491974399,138808800
2020-06-16,85.22341918945312,85.49452921505798,83.44188334314991,85.07334504214955,165428800
2020-06-17,85.10480499267578,86.02704141186865,84.98377651365317,85.96652717235735,114406400
2020-06-18,85.1386947631836,85.55503301794639,84.53112944713651,85.06123476532262,96820400
2020-06-19,84.65216064453125,86.30782937031772,83.54595856056092,85.84308414219812,264476000
2020-06-22,86.86700439453125,87.00981715451016,84.99832384422328,85.04431527047004,135445200
2020-06-23,88.7211685180664,90.13720371046618,87.69000314125313,88.10876448893902,212155600
2020-06-24,87.1550521850586,89.26821268122214,86.78228229668392,88.3508144843821,192623200
2020-06-25,88.31204986572266,88.35077986114183,86.55229863575047,87.30993801209478,137522400
2020-06-26,85.5986099243164,88.42825657527817,85.45095132716905,88.20798383985682,205256800
2020-06-29,87.57137298583984,87.6657787527797,85.02977472321102,85.50662726415537,130646000
2020-06-30,88.30238342285156,88.58801627360432,87.14051287267962,87.15987418081895,140223200
2020-07-01,88.1353530883789,88.9220381809634,88.08694613026117,88.37983297329643,110737200
2020-07-02,88.1353530883789,89.67483914156468,88.02159341265586,89.0406511103845,114041600
2020-07-06,90.49299621582031,90.96016437699369,89.5296068531223,89.56107543992535,118655600
2020-07-07,90.21222686767578,91.64762315168353,90.10088271239697,90.87062222466152,112424400
2020-07-08,92.31326293945312,92.34473152661032,91.10055518911935,91.18769953716944,117092000
2020-07-09,92.71025085449219,93.25729463316677,91.66456287634601,93.20404179945581,125642800
2020-07-10,92.87240600585938,92.93050469526396,91.69601281004776,92.30599364635842,90257200
2020-07-13,92.4439926147461,96.7792345052281,92.23098126624099,94.1746987408597,191649200
2020-07-14,93.97378540039062,94.16500509879575,90.89482027358295,91.82673375082925,170989200
2020-07-15,94.62008666992188,96.09421302015997,93.42432441242931,95.84489458759741,153198000
2020-07-16,93.45575714111328,94.31021778955153,92.85787624181573,93.49448713549184,110577600
2020-07-17,93.2669677734375,94.06091431617955,92.79495374103925,93.90600170117715,92186800
2020-07-20,95.23247528076172,95.37044953138843,93.01039399095433,93.35411815070974,90318000
2020-07-21,93.9180908203125,96.09660323624759,93.66877247263514,96.02156617732469,103433200
2020-07-22,94.18194580078125,94.86212529718233,93.53323489247579,93.62037185613211,89001600
2020-07-23,89.89511108398438,93.99313346599342,89.08664175912257,93.91567346927818,197004400
2020-07-24,89.67240905761719,90.01613315170617,86.31265765589474,88.09662345174227,185438800
2020-07-27,91.79769897460938,91.88968182119616,90.50996128337569,90.73264959796012,121214000
2020-07-28,90.28966522216797,91.54594138277622,90.28481935549645,91.36923715007886,103625600
2020-07-29,92.0203857421875,92.20435141750036,90.73506372270917,90.77137079362801,90329200
2020-07-30,93.13386535644531,93.23794810661174,90.78833214151663,91.19498617960477,158130000
2020-07-31,102.8839340209961,103.0340082150665,97.62160855588017,99.61616373735077,374336800
2020-08-03,105.47631072998047,108.09052270549662,104.4645145020522,104.7622398081077,308151200
2020-08-04,106.18072509765625,107.26998160372126,104.9438099795325,105.66514250286653,173071600
2020-08-05,106.56558227539062,106.8850992523654,105.43759589570149,105.90234853375506,121776800
2020-08-06,110.28358459472656,110.77738293578851,106.30901285016994,106.8972095786005,202428800
2020-08-07,107.77619171142578,110.26174899503663,106.98081367668276,109.80586023116359,198045600
2020-08-10,109.34269714355469,110.35874505613272,106.69709332777636,109.21902314455248,212403600
2020-08-11,106.09085083007812,109.10504168444446,105.8313811445449,108.60793322925056,187902400
2020-08-12,109.61671447753906,109.87375687982836,106.98565970661953,107.17965145918507,165598000
2020-08-13,111.55667114257812,112.55817011651827,110.50667052619417,110.99408465160128,210082000
2020-08-14,111.45723724365234,111.5469586132698,109.65065854076958,111.38206488530741,165565200
2020-08-17,111.166259765625,112.60182410704658,110.54062998121614,112.57757328432733,119561600
2020-08-18,112.09256744384766,112.5169308684593,110.58425829007268,110.91890034610189,105633600
2020-08-19,112.23321533203125,113.64452867430332,112.13864675565405,112.49995954797271,145538000
2020-08-20,114.72364044189453,114.837612647254,112.25747906222769,112.27445537799255,126907200
2020-08-21,120.63563537597656,121.11819493819868,115.66936721789659,115.68148892938783,338054800
2020-08-24,122.07844543457031,124.91804835697145,120.21609797723066,124.83316679017967,345937600
2020-08-25,121.07696533203125,121.42130925505194,119.35768781992573,120.95329871627834,211495600
2020-08-26,122.72348022460938,123.17936898693925,121.32671591454528,122.39126546065715,163022400
2020-08-27,121.25639343261719,123.657076446734,120.11424426928406,123.32486169573068,155552400
2020-08-28,121.05998229980469,122.64588380173389,120.83688511649021,122.2287948592591,187630000
2020-08-31,125.16537475585938,127.06652934071126,122.21666180862303,123.74922172483744,225702700
2020-09-01,130.15106201171875,130.75245576113278,126.61066398001222,128.7737011544299,151948100
2020-09-02,127.4545669555664,133.83699711461642,123.18668763492242,133.45870787847127,200119000
2020-09-03,117.25039672851562,124.97138507910603,116.88180945410002,123.09934328509381,257599600
2020-09-04,117.3280029296875,119.98572845730746,107.56036930998823,116.46472703859587,332607200
2020-09-08,109.43243408203125,115.41717011939836,109.2966383541402,110.52850171438395,231366600
2020-09-09,113.79730987548828,115.56266164657546,111.79916649731042,113.73911382379356,176940500
2020-09-10,110.08231353759766,116.8818312711873,109.12204164322466,116.74603554472291,182274400
2020-09-11,108.6370620727539,111.77008060116817,106.69711453574045,111.12989436180371,180860300
2020-09-14,111.89617156982422,112.4490563072492,109.41304115616997,111.27538896641066,140150100
2020-09-15,112.07076263427734,115.26197700807842,110.19871308977739,114.77699015613865,184642000
2020-09-16,108.76313781738281,112.51693833812011,108.67584374495958,111.7700619173575,154679000
2020-09-17,107.0268783569336,108.83102975873638,105.44582412860575,106.42549948987329,178011000
2020-09-18,103.63197326660156,107.55066740012516,102.90449308489,107.08508422800398,287104900
2020-09-21,106.77469635009766,106.88139403880808,100.00427732246104,101.4010416835348,195713800
2020-09-22,108.45275115966797,109.47122644967507,105.8823269140235,109.29663089711133,183055400
2020-09-23,103.90357208251953,108.74373815268274,103.56407541081022,108.26845317272523,150718700
2020-09-24,104.97056579589844,106.93961142539536,101.847248976567,102.01214274645399,167743300
2020-09-25,108.90865325927734,109.06385261398287,104.43707360612179,105.17425574034796,149981400
2020-09-28,111.50817108154297,111.85736219121794,109.39362820642745,111.55667272467461,137672400
2020-09-29,110.66429138183594,111.84766043177646,110.15990833447874,111.11048577797068,99382200
2020-09-30,112.33264923095703,113.73911550361659,110.20841190929694,110.37330565840851,142675200
2020-10-01,113.28324127197266,114.18531720423022,112.35206730969273,114.10771752396202,116120400
2020-10-02,109.62641143798828,111.90585528542881,108.85043700934379,109.50031753591523,144712000
2020-10-05,113.0019302368164,113.14742776439395,110.14051092914185,110.4897020352033,106243800
2020-10-06,109.76222229003906,112.63334341918222,108.87954271233731,112.22594886007512,161498200
2020-10-07,111.62458038330078,112.08046922763401,110.70310088509402,111.17839334850785,96849000
2020-10-08,111.51787567138672,112.90493833599005,111.14928093514196,112.75944080327828,83477200
2020-10-09,113.45781707763672,113.48691510258755,111.46936816913343,111.81855926916633,100506900
2020-10-12,120.66472625732422,121.42130453731181,115.6984583933761,116.45503667336371,240226800
2020-10-13,117.46381378173828,121.62500184957032,116.05735487456657,121.50860234126793,262330500
2020-10-14,117.5511245727539,119.33587277286527,116.02826603667377,117.36682718675729,150712000
2020-10-15,117.08550262451172,117.560787576873,114.60237278324881,115.15525739322722,112559200
2020-10-16,115.44624328613281,117.90028246955836,115.24254973816036,117.63838547908625,115393800
2020-10-19,112.4975357055664,116.80421323996534,112.18714446524658,116.358026294525,120639300
2020-10-20,113.98159790039062,115.40746025257594,112.15804282671203,112.71092747344602,124423700
2020-10-21,113.36080932617188,115.14555707254407,112.95341481857757,113.1668101796244,89946000
2020-10-22,112.27446746826172,114.49570836063894,111.1492943069264,113.92341996987348,101988000
2020-10-23,111.58576202392578,113.05042420827988,110.84858002778377,112.89522488264528,82572600
2020-10-26,111.59547424316406,113.05043475532885,109.490625744662,110.58670073335905,111850700
2020-10-27,113.09893035888672,113.75851276167866,111.10078693291935,112.02225897491293,92276800
2020-10-28,107.8610610961914,111.96405267029793,107.76406521649079,111.59546536731106,143937800
2020-10-29,111.85736083984375,113.41901900582575,108.83104039265947,108.99594153712782,146129200
2020-10-30,105.59132385253906,108.62733847489969,104.48555457025763,107.72526275511105,190272600
2020-11-02,105.50403594970703,107.356689266343,104.09757704674024,105.83383085542181,122866900
2020-11-03,107.12388610839844,108.14235394209176,105.46523215040254,106.36730788899447,107624400
2020-11-04,111.49846649169922,112.11924902667879,108.97653651830575,110.71279021468385,138235500
2020-11-05,115.45594787597656,116.02823610576812,113.36080890325555,114.40837468946069,126387100
2020-11-06,115.32479858398438,115.82033327578648,112.83737692583377,114.96528648231298,114457900
2020-11-09,113.0219955444336,118.53123307425452,112.75965407719045,117.08348090470506,154515300
2020-11-10,112.68192291259766,114.25598657554706,110.8940882741732,112.27383288243148,138023400
2020-11-11,116.10210418701172,116.23813418126791,113.13858512576901,113.86732041488949,112295000
2020-11-12,115.83003997802734,117.1126137436234,115.20818648034917,116.22841881317535,103162300
2020-11-13,115.8786392211914,116.27701069114,114.52805029862242,116.0535360017511,81581900
2020-11-16,116.88916778564453,117.55959935095183,114.80012470399369,115.54828982886944,91183000
2020-11-17,116.00495910644531,117.2486663416219,115.58715051215194,116.16042621738232,74271000
2020-11-18,114.68350219726562,116.42275133775613,114.65435397133162,115.24705927558566,76322100
2020-11-19,115.2762222290039,115.68431227037438,113.49810608907285,114.25598971249795,74113000
2020-11-20,114.01307678222656,115.40253254906611,113.9644988709724,115.27622108410968,73604300
2020-11-23,110.62199401855469,114.28510684830934,110.5248308147396,113.85757985583024,127959300
2020-11-24,111.90460205078125,112.56532241854126,109.39775058959653,110.68033196208322,113874200
2020-11-25,112.74019622802734,113.43978322932423,111.90457924459807,112.27380983588145,76499200
2020-11-27,113.2843246459961,114.15880846315034,112.92481998616722,113.26489496698315,46691300
2020-11-30,115.67459869384766,117.5401594833683,113.49810369299398,113.6535707986605,169410200
2020-12-01,119.24052429199219,119.96925956195165,116.60736173944143,117.57900876605405,127728200
2020-12-02,119.59031677246094,119.87209529729249,117.46240743053765,118.56036589233359,89004200
2020-12-03,119.45429229736328,120.27047227200518,118.74498667961886,120.0178419599632,78967600
2020-12-04,118.78385925292969,119.3765645833526,118.07455360054387,119.12393425897255,78260400
2020-12-07,120.24134063720703,121.03809104227989,118.78386984160453,118.84216630124308,86712000
2020-12-08,120.85346984863281,121.43646406909802,119.60004413555974,120.84375871454999,82225500
2020-12-09,118.32715606689453,122.37892178442992,117.56927268526373,120.99918499155962,115089200
2020-12-10,119.74579620361328,120.35793867044406,116.74340998030307,117.0834850101648,81312200
2020-12-11,118.93931579589844,119.2793907717679,117.13205173775964,118.95874547462877,86939800
2020-12-14,118.32715606689453,119.85264137463477,118.09396289094907,119.12390621336247,79184500
2020-12-15,124.25423431396484,124.27367140820184,120.61055751786674,120.81460252887871,157243700
2020-12-16,124.18620300292969,124.73032296084445,122.97164423038534,123.79755012617825,98208600
2020-12-17,125.05096435546875,125.90601844904018,124.40967378529018,125.24529078778322,94359800
2020-12-18,123.0688247680664,125.43964605507787,122.5441344465272,125.30361605465058,192541500
2020-12-21,124.59430694580078,124.672040495101,119.94983486476208,121.47532055765235,121251600
2020-12-22,128.1408233642578,130.59908932336018,125.97403967211778,127.87847449783371,168904800
2020-12-23,127.24687194824219,128.67517910975658,127.07196781395956,128.41284514756308,88223700
2020-12-24,128.22824096679688,129.6760001670091,127.38291291879534,127.59667642019997,54930100
2020-12-28,132.81443786621094,133.44600251933943,129.72459253226933,130.19099379190865,124486200
2020-12-29,131.04603576660156,134.85489050709643,130.53106400488656,134.13588116304936,121047300
2020-12-30,129.92860412597656,132.13424639181875,129.61767005054827,131.73586766748352,96452100
2020-12-31,128.92784118652344,130.9197204767935,127.98534242224186,130.27842990655225,99116600
2021-01-04,125.74085998535156,129.82177500940742,123.16599358092327,129.73433032505793,143301900
2021-01-05,127.29548645019531,128.00479953709709,124.78863505032471,125.23559925815104,97664900
2021-01-06,123.0105209350586,127.33435496235823,122.7967573877346,124.0987683518539,155088000
2021-01-07,127.20802307128906,127.89789896268525,124.2347856325796,124.72060913109178,109578200
2021-01-08,128.3059844970703,128.86954151504634,126.53757990692247,128.67520026141898,105158200
2021-01-11,125.32305145263672,126.47931399049689,124.85666494889938,125.5271038877366,100384500
2021-01-12,125.14813995361328,126.0129052139805,123.26314235039197,124.85664288048969,91951100
2021-01-13,127.1788558959961,127.722975761063,124.84690938109378,125.1092433563661,88636800
2021-01-14,125.25505828857422,127.28579760816623,125.10930229637951,127.0914711114013,90221800
2021-01-15,123.53523254394531,126.52790789601157,123.39920252004052,125.1287334637561,111598500
2021-01-19,124.20565032958984,125.0607045202907,123.34088500532488,124.15706500945309,90757300
2021-01-20,128.28656005859375,128.73352422939956,124.90523244341398,125.0121142129877,104319500
2021-01-21,132.9893341064453,135.7099489572785,129.80233279797613,130.00638521290585,120150900
2021-01-22,135.12698364257812,135.88486727485233,131.19180950505606,132.41607964346215,114459400
2021-01-25,138.86782836914062,140.97630120112478,132.66871393860882,139.013584357772,157611700
2021-01-26,139.1010284423828,140.20870575076052,137.36177150504042,139.528555618627,98390600
2021-01-27,138.03219604492188,140.20869106595407,136.42898412808006,139.36334793740457,140843800
2021-01-28,133.203125,137.964205672891,132.82418314547382,135.56423565217162,142621100
2021-01-29,128.21853637695312,132.86300755142042,126.51815423658083,131.97880528014946,177523800
2021-02-01,130.3367156982422,131.54156320206033,127.2177225988055,129.95777399701672,106239800
2021-02-02,131.16262817382812,132.44519444855226,130.7933975854858,131.8816374338767,83305400
2021-02-03,130.14239501953125,131.92051071941538,129.82174974648763,131.91078476116337,89880900
2021-02-04,133.4945831298828,133.5042942626405,130.7739685158837,132.43549143917588,84183100
2021-02-05,133.0810546875,133.72330378796144,132.20527125837398,133.6551945582066,75693800
2021-02-08,133.2269744873047,133.2756324021585,131.29050232328603,132.3706427004726,71297200
2021-02-09,132.3511962890625,134.17090160726997,132.19551172596402,132.94478730279516,76774200
2021-02-10,131.7478790283203,133.3048434386966,130.78450562896475,132.80855342312873,73046600
2021-02-11,131.494873046875,132.72097244544923,130.17145780866096,132.24414858851415,64280000
2021-02-12,131.72840881347656,131.88410821935858,130.0936095966532,130.73585850968206,60145100
2021-02-16,129.60707092285156,132.35120265140839,129.21782237561078,131.84520181246612,80576300
2021-02-17,127.32027435302734,128.6631557746567,125.98713342468182,127.71924852152779,97918500
2021-02-18,126.2206802368164,126.50287241895496,123.98254952435698,125.72439023440656,96856700
2021-02-19,126.37638854980469,127.19380316380035,125.33518012530345,126.7364453512212,87668800
2021-02-22,122.61048889160156,126.2304187991235,122.22124775949521,124.56641277376495,103916400
2021-02-23,122.47423553466797,123.30136816472337,115.20518512538801,120.43072920624994,158273000
2021-02-24,121.97795867919922,122.18230857916163,118.94189453786483,121.57899194807914,111039900
2021-02-25,117.7352523803711,123.05810538980377,117.29736077604736,121.32599026278942,148199500
2021-02-26,117.99799346923828,121.49141551253575,117.93960247752109,119.29220956982277,164560400
2021-03-01,124.35233306884766,124.48856634693102,119.4868376397081,120.42101187120407,116307900
2021-03-02,121.754150390625,125.25730532990295,121.64710890595583,124.95564701355688,102260900
2021-03-03,118.7764663696289,122.32827934815643,118.56238339310273,121.45248872789318,112966300
2021-03-04,116.89837646484375,120.2750310748952,115.42900236715201,118.47479946720621,178155000
2021-03-05,118.15367126464844,118.65968686991202,114.40724183835442,117.7255127803743,153766600
2021-03-08,113.22982025146484,117.74499981575629,113.08385389082869,117.67688317068041,154376600
2021-03-09,117.83255004882812,118.77645723226702,115.59442688495044,115.827968557669,129525800
2021-03-10,116.75244903564453,118.88353130372107,116.23670020677328,118.41644783023496,111943300
2021-03-11,118.67914581298828,119.89551948779854,117.99797952475683,119.2435449798976,103026500
2021-03-12,117.77417755126953,117.91041082516712,115.9544870681418,117.16112781873039,88105100
2021-03-15,120.65454864501953,120.6642817142442,117.18058534747087,118.14395874848536,92403800
2021-03-16,122.19206237792969,123.79767749192085,121.36492956895167,122.3185625972274,115227900
2021-03-17,121.40383911132812,122.47424657756945,119.04893377660937,120.71293967926185,111932600
2021-03-18,117.2876205444336,119.86633436304555,117.08327064661763,119.57440169521924,121229700
2021-03-19,116.76214599609375,118.16341092060107,116.4604876842397,116.67457065039011,185549500
2021-03-22,120.07068634033203,120.53777713211232,117.02488910943605,117.09300574322106,111912300
2021-03-23,119.24356079101562,120.89782623844285,118.8543196786337,120.0123099463268,95467100
2021-03-24,116.85945892333984,119.59387224546333,116.84000020937296,119.51602254128295,88530500
2021-03-25,117.34600830078125,118.38723138862223,115.79878440882977,116.32425877519718,98844700
2021-03-26,117.94932556152344,118.2120664416162,115.72092802368101,117.1124598512715,94071200
2021-03-29,118.12449645996094,119.28248673827066,117.48225492917581,118.3775042989523,80819200
2021-03-30,116.67456817626953,117.16111766205535,115.66254435493632,116.87891806940085,85671900
2021-03-31,118.86404418945312,120.19718506636265,117.89094519064328,118.3774946900482,118323800
2021-04-01,119.69117736816406,120.83943448866229,119.19489479787379,120.33342627373456,75089100
2021-04-05,122.51318359375,122.76619144970482,119.75931123714496,120.53779352124103,88651200
2021-04-06,122.81482696533203,123.71007628588559,122.26989388745704,123.09702657327624,80171300
2021-04-07,124.45935821533203,124.4788169278638,121.77360301243874,122.44504366920103,83466700
2021-04-08,126.85321044921875,126.88240223692625,125.06271151102148,125.48113703370569,88844600
2021-04-09,129.4221954345703,129.46111286986317,125.98715639774359,126.3082809200934,106686700
2021-04-12,127.70955657958984,129.27624703550862,127.11596541683014,128.9551224869681,91420000
2021-04-13,130.81369018554688,131.0375136441806,128.38094270892825,128.87723269707828,91266500
2021-04-14,128.47825622558594,131.36836136344672,128.11821435701262,131.3099778007929,87222800
2021-04-15,130.88182067871094,131.36837019796266,130.04495491166549,130.22012045971883,89347100
2021-04-16,130.5509796142578,131.04725481288563,129.69464764958488,130.68721289515452,84922400
2021-04-19,131.2126922607422,131.82574950678435,129.75304346412022,129.91846854593953,94264200
2021-04-20,129.52919006347656,131.8840875267871,128.2641585737153,131.38781245275527,94812300
2021-04-21,129.90872192382812,130.15199668398512,127.76790700410929,128.7993896114448,68847100
2021-04-22,128.3907012939453,130.54124205126504,127.87495994409139,129.46110142550572,84566500
2021-04-23,130.70668029785156,131.48514771146148,128.60478264515086,128.60478264515086,78657500
2021-04-26,131.09591674804688,131.42676689058607,129.9671181870508,131.20295824690538,66905100
2021-04-27,130.77479553222656,131.76736083305914,130.5023289552631,131.3781122600293,66015800
2021-04-28,129.98654174804688,131.3878064201636,129.4999923395791,130.69689972688315,107760100
2021-04-29,129.88925170898438,133.38268843991688,128.886960916459,132.79882309453924,151101000
2021-04-30,127.92359161376953,129.96709045367274,127.54408362576527,128.23497554962137,109839500
2021-05-03,128.9745330810547,130.46338819019584,128.28364111599663,128.48798358801744,75135100
2021-05-04,124.41070556640625,127.95279275381809,123.29164023246338,127.66086008438737,137564700
2021-05-05,124.65398406982422,126.9407577416854,124.5274764521898,125.72438402846821,84000900
2021-05-06,126.24987030029297,126.25959594495404,123.71007387822482,124.44963120105919,78128300
2021-05-07,126.92242431640625,127.945901693833,126.2108448725469,127.54626480413238,78973300
2021-05-10,123.64727783203125,126.26935540308767,123.60828686336556,126.14264776926625,88071200
2021-05-11,122.73099517822266,123.08189896287028,119.67026787217047,120.38183991469329,126142800
2021-05-12,119.67029571533203,121.49308457084182,119.16342796467423,120.28439421406758,112172300
2021-05-13,121.81475067138672,122.96495825371117,121.12267768901388,121.43459801116457,105861300
2021-05-14,124.23213195800781,124.66102519199373,122.67253033910511,123.06243260302256,81918000
2021-05-17,123.08192443847656,123.72526428981506,122.00969878967952,123.61804098125864,74244600
2021-05-18,121.69776153564453,123.78372980629568,121.62952920667057,123.36458623209384,63342900
2021-05-19,121.54180908203125,121.76599784022277,119.75801143334377,120.05043995950335,92612000
2021-05-20,124.0956802368164,124.49533214416667,121.94147911381228,122.06820163895645,76857100
2021-05-21,122.26314544677734,124.76825782596866,122.04869881375613,124.59280216593018,79295400
2021-05-24,123.89096069335938,124.70975612799803,122.76025239580743,122.82848472896345,63092900
2021-05-25,123.6960220336914,125.08017543327662,123.1306641265909,124.59279202902988,72009500
2021-05-26,123.64727783203125,124.17364475386753,123.22813421483384,123.75450113667013,56575900
2021-05-27,122.1169204711914,124.41733561849655,121.92197306010468,123.24763627844212,94625600
2021-05-28,121.46382904052734,122.6237861257757,121.40534630909178,122.3995899273286,71311100
2021-06-01,121.14217376708984,122.18515807859856,120.81076166659518,121.92197831860382,67637100
2021-06-02,121.9024658203125,122.07792145343016,120.9179717914318,121.14216055572481,59278900
2021-06-03,120.42085266113281,121.6977752920281,120.02120080570538,121.53206925104124,76229200
2021-06-04,122.7115249633789,122.97471215998662,120.72303005127523,120.93747667465416,75169300
2021-06-07,122.72128295898438,123.13067702974456,121.6782985767518,122.98446273682511,71057600
2021-06-08,123.5400619506836,125.21664395698274,123.02344459916287,123.40359727053726,74403800
2021-06-09,123.9201889038086,124.52453767386459,123.32558973367314,123.99817082964145,56877900
2021-06-10,122.92598724365234,124.95347338522338,122.76028117239647,123.81300778260947,71186400
2021-06-11,124.13465118408203,124.22238272093318,122.91621132668672,123.33535493510138,53522400
2021-06-14,127.18563079833984,127.24411353581664,123.86173050218788,124.59279446771667,96906500
2021-06-15,126.3668212890625,127.30258955054586,126.1231333418934,126.6592498003718,62746300
2021-06-16,126.86396026611328,127.58528206314801,125.21664196538165,127.07840688486591,91815000
2021-06-17,128.46255493164062,129.20337594415264,126.37658632134162,126.52280804022224,96721700
2021-06-18,127.16613006591797,128.1896075868194,126.95168347380675,127.40981802299594,108953300
2021-06-21,128.95968627929688,129.06690958900398,125.9477063159808,127.01018237446559,79663300
2021-06-22,130.59725952148438,130.69474066397615,128.29684436989922,128.7939773736595,74783600
2021-06-23,130.3243408203125,130.92869718078555,129.86620618552573,130.3925806003398,60214200
2021-06-24,130.04165649414062,131.240597184488,129.5737648661965,131.05539194095186,68711000
2021-06-25,129.74920654296875,130.50951172104854,129.45677804212312,130.09037560621056,70783700
2021-06-28,131.3770751953125,131.8352098315601,129.98318695524438,130.04166969629122,62111300
2021-06-29,132.88792419433594,133.0438880631515,130.9579196567259,131.3965550234282,64556100
2021-06-30,133.50201416015625,133.94064949902392,132.43952338561445,132.73195190270366,63261400
2021-07-01,133.80421447753906,133.86269721920397,132.33232940247316,133.15113240638843,52485800
2021-07-02,136.42625427246094,136.46523779604922,134.272046474327,134.41825327969627,78852600
2021-07-06,138.43429565429688,139.5357553993497,136.53353205806397,136.53353205806397,108181800
2021-07-07,140.919921875,141.23183482081484,139.05814174627804,139.9159135024217,104911600
2021-07-08,139.62347412109375,140.42276298269945,137.11835448019005,138.0053823208354,105575500
2021-07-09,141.4462432861328,141.97260274724476,139.04834716131978,139.1458282969305,99890800
2021-07-12,140.8516845703125,142.6257406086967,140.36430849913495,142.51851727809614,76299700
2021-07-13,141.962890625,143.73694652851253,140.00364432229037,140.39353920017592,100827100
2021-07-14,145.38427734375,145.79368633580276,143.95139049217775,144.3607994842305,127050800
2021-07-15,144.73117065429688,146.21279783696795,143.3762659892824,145.47199168239987,106820300
2021-07-16,142.69395446777344,145.9788641734468,142.196836268165,144.71169838540143,93251400
2021-07-19,138.85337829589844,140.43248618215895,138.09307315098926,140.12055849525734,121434600
2021-07-20,142.45999145507812,143.38601770583355,139.35054523026795,139.83792120496685,96350000
2021-07-21,141.72891235351562,142.44049190950972,140.97836414159778,141.85563485293181,74993500
2021-07-22,143.09356689453125,144.45821346206498,142.1285572602189,142.25527975346566,77338200
2021-07-23,144.8091583251953,144.96512221870486,143.21056560056124,143.8246641352954,71447400
2021-07-26,145.22828674316406,146.04707474588002,143.97084849928373,144.5264642055409,72434100
2021-07-27,143.0643310546875,145.44272791296905,141.87513262554674,145.35498894389306,104818600
2021-07-28,141.31951904296875,143.25928057886588,138.94112214929507,141.15381301329907,118931200
2021-07-29,141.962890625,142.84991857675627,140.92965581242072,141.03687913486968,56699500
2021-07-30,142.1772918701172,142.63542638578699,140.4714762953773,140.73466343435456,70440600
2021-08-02,141.8459014892578,143.2397895751834,141.582714310116,142.6646895204393,62880000
2021-08-03,143.63941955566406,144.30224361135603,141.51445299043982,142.12855135709023,64786600
2021-08-04,143.23976135253906,144.05854922239413,142.58667948918819,143.55168904021573,56368300
2021-08-05,143.34701538085938,144.107320690727,142.47948676454712,143.26903344221475,46397700
2021-08-06,142.66366577148438,143.61059289976055,142.16580285802874,142.86867690985883,54126800
2021-08-09,142.6148681640625,143.21035833317768,142.05843483321482,142.72225212556916,48908700
2021-08-10,142.13648986816406,144.1962980261516,141.8436232545715,142.95650446957146,69023100
2021-08-11,142.3903045654297,143.22984760890972,142.06815276895088,142.57578725696132,48493500
2021-08-12,145.3482666015625,145.50446416374155,142.37081574173467,142.71249604702388,72282600
2021-08-13,145.55325317382812,145.88516176552068,144.74299521470792,145.42634081402107,59375000
2021-08-16,147.5251922607422,147.59353426907154,142.9858112009547,145.0065628373872,103296000
2021-08-17,146.61734008789062,148.07188700426227,145.5435005089824,146.6563820290242,92229700
2021-08-18,142.87844848632812,147.13473517673972,142.67343732669485,146.2366215497856,86326000
2021-08-19,143.21034240722656,144.4794213850425,141.0626783117476,141.5800696426097,86960300
2021-08-20,144.66490173339844,144.9675251601663,143.28843882859866,143.9327425154178,60549600
2021-08-23,146.14878845214844,146.61736630864482,144.37207444854158,144.7820819349536,60131800
2021-08-24,146.06085205078125,147.2713604372929,145.60203116452846,145.89489777853456,48606400
2021-08-25,144.8308563232422,146.74423897086186,144.28417982272728,146.24636116832204,58991300
2021-08-26,144.03038024902344,145.5727977281921,144.00109506679658,144.82112485660906,48597200
2021-08-27,145.06515502929688,145.21158091727293,143.33725507209095,143.97178711441077,55802400
2021-08-30,149.4776153564453,149.83882401907485,145.07490345956626,145.45562564226032,90956700
2021-08-31,148.2183074951172,149.16523456794167,147.69114453920625,149.02856544896787,86453100
2021-09-01,148.88214111328125,151.29338682527435,148.71618680019012,149.19453621732464,80313700
2021-09-02,149.9950408935547,151.03959539227287,148.7747752992504,150.20980882981786,71115500
2021-09-03,150.6295623779297,150.9517142276546,149.44833892893834,150.10239938899159,57808700
2021-09-07,152.9627227783203,153.51915609845358,150.71743128739138,151.28363626481305,82278300
2021-09-08,151.42031860351562,153.30440154284446,150.31719373274197,153.24583117728486,74420200
2021-09-09,150.40504455566406,152.39651120399355,150.28788894400816,151.79126431107525,57305700
2021-09-10,145.42636108398438,151.7814983871202,145.1627795675759,151.31292061025323,140893200
2021-09-13,145.9925537109375,147.81806596111582,145.21158088499752,147.04686479158386,102404300
2021-09-14,144.59654235839844,147.4763801866019,143.4153339702326,146.7735062300835,109296300
2021-09-15,145.48492431640625,145.8851749521173,142.88819590848047,145.02610332343372,83281300
2021-09-16,145.25064086914062,145.42636685232276,143.71799510025087,144.90897545621797,68034100
2021-09-17,142.58555603027344,145.27991132028194,142.29268938190515,145.27991132028194,129868800
2021-09-20,139.53977966308594,141.39457695669392,137.90950701335717,140.37932278347847,123478900
2021-09-21,140.01812744140625,141.16030897663776,139.38359538478255,140.5062336067531,75834000
2021-09-22,142.3805694580078,142.94675948187773,140.28170408222925,141.01386330488788,76404300
2021-09-23,143.33724975585938,143.5813028239796,142.17555476827644,143.1615238009879,64838200
2021-09-24,143.42510986328125,143.96202960944674,142.09746053449825,142.1950877231893,53477900
2021-09-27,141.91201782226562,142.48799456461782,140.39890024168955,142.0096450384804,74150700
2021-09-28,138.5343017578125,141.30674132874793,138.31953384357482,139.8424227657557,108972300
2021-09-29,139.43238830566406,141.01384728022984,138.65141557774692,139.08095132289213,74602000
2021-09-30,138.13406372070312,140.9455603850025,137.91929578685694,140.24268621892764,89056700
2021-10-01,139.25668334960938,139.5202648503588,135.80089824481317,138.52452409983053,94639600
2021-10-04,135.83016967773438,138.8271483868743,134.98086980059804,138.38784096480848,98322000
2021-10-05,137.75335693359375,138.85648190904183,136.044984928838,136.17189733013998,80861100
2021-10-06,138.62217712402344,138.7686030429388,135.07852092806354,136.15236065284557,83221100
2021-10-07,139.8814697265625,140.78935501402486,139.32503639848235,139.6569450430087,61732700
2021-10-08,139.500732421875,140.7502829805711,139.16882381318146,140.60385709315267,58773200
2021-10-11,139.4128875732422,141.36531233280488,138.43667519346084,138.88573944232053,64452200
2021-10-12,138.143798828125,139.84241361250955,137.68497785008697,139.82288519545196,73035900
2021-10-13,137.55812072753906,138.0364553671229,135.88879063118128,137.88027267230362,78762700
2021-10-14,140.3402862548828,140.45744186952987,138.1438084019397,138.72954178771872,69907100
2021-10-15,141.39462280273438,141.4531931726663,140.09625831789816,140.3500831153651,67940300
2021-10-18,143.06394958496094,143.34704466516118,139.75458969636082,140.03768477656104,85589200
2021-10-19,145.22134399414062,145.62159463310732,143.06392303976392,143.51297237963328,76378900
2021-10-20,145.70944213867188,146.18779152686344,144.59656071553547,145.16276563549152,58418800
2021-10-21,145.92422485351562,146.0804224119474,144.35252229936606,145.27016433537898,61421000
2021-10-22,145.15301513671875,146.6075619891813,145.1042015405824,146.12922747617256,58883400
2021-10-25,145.10421752929688,145.8168484447923,144.1084766625064,145.14325947301697,50720600
2021-10-26,145.76805114746094,147.25188335627817,145.46541277347194,145.77780790953028,60893400
2021-10-27,145.30921936035156,146.16827612937263,144.9577823061733,145.80708231384622,56094900
2021-10-28,148.9407196044922,149.52643805425132,146.1585085567286,146.256135746264,100077900
2021-10-29,146.23660278320312,146.37327190681347,142.92724374395107,143.7179733088264,124953200
2021-11-01,145.41664123535156,146.13902905476453,144.28423099930296,145.44592642285087,74588300
2021-11-02,146.45140075683594,147.96453308347574,145.113979527006,145.12375118515345,69122000
2021-11-03,147.88641357421875,148.35499132920407,146.25614074482093,146.81257403590004,54511500
2021-11-04,147.3690185546875,148.80403696262286,147.0566234619275,147.97426542713765,60394600
2021-11-05,147.8969268798828,148.79635114627666,146.7042085245969,148.49328605752575,65463900
2021-11-08,147.07574462890625,148.18047945260236,146.80200740282297,148.02405391839477,55020900
2021-11-09,147.43743896484375,148.0435691533501,146.70421118808,146.84107977637362,56787900
2021-11-10,144.61204528808594,146.77262935345158,144.54361846371455,146.6650887001066,65187100
2021-11-11,144.5631866455078,146.0882980655143,144.37743321812488,145.62882237351127,41000000
2021-11-12,146.6357879638672,147.03660782102534,144.18190939663026,145.11066161989166,63804000
2021-11-15,146.64556884765625,148.483531417499,146.08830852560698,147.00728981052836,59222800
2021-11-16,147.6232147216797,148.1022623119589,146.0003334167105,146.5869216938867,59256200
2021-11-17,150.05752563476562,151.53375230300938,147.61343285568483,147.6232038564801,88807000
2021-11-18,154.33956909179688,155.12168178008048,149.627365877677,150.2726099643279,137827700
2021-11-19,156.9596405029297,157.41913113659675,153.02953515610952,154.12448394226502,117305600
2021-11-22,157.4191436767578,161.99447854129045,157.3995867561447,158.06437288139423,117467900
2021-11-23,157.8004150390625,158.18169292863084,155.502961782972,157.51689191338718,96041900
2021-11-24,158.3185577392578,158.51408217991857,156.06998937776268,157.15516717862224,69463600
2021-11-26,153.30325317382812,156.8618512011978,152.86331951425362,156.0015407986573,76959800
2021-11-29,156.65658569335938,157.5853380225465,155.23899986098183,155.80603121042097,88748200
2021-11-30,161.60342407226562,161.8185054389282,156.34373142534065,156.41217318635103,174048100
2021-12-01,161.0852813720703,166.49161375206606,160.8506430799377,163.73466976035556,152052500
2021-12-02,160.0978240966797,160.52798674829987,154.27111613625055,155.19009727061072,136739200
2021-12-03,158.22080993652344,161.27104831929452,156.1482237273482,160.35206691181173,118023100
2021-12-06,161.6230010986328,164.12575013017414,160.60624998109355,160.61602098349957,107497000
2021-12-07,167.3519287109375,167.74299254141582,164.57544264356054,165.2988995417756,120405400
2021-12-08,171.1647491455078,172.02507478771778,166.88269277595091,168.2807219445421,116998900
2021-12-09,170.65634155273438,172.7973693361273,170.03065436230736,170.9985205283445,108923700
2021-12-10,175.43695068359375,175.61293309472177,170.78340409261324,171.29177949219212,115402700
2021-12-13,171.80995178222656,178.05705234389498,171.60464142456377,177.06962931153166,153237000
2021-12-14,170.43150329589844,173.76524989300478,168.35891710300444,171.3309277742781,139380400
2021-12-15,175.29031372070312,175.48583813344078,168.45662585148168,171.1940123824784,131063300
2021-12-16,168.4077606201172,177.08918279763162,166.93153397693786,175.27077720416733,150185800
2021-12-17,167.3127899169922,169.59068583995455,165.89521929851176,166.12984262332955,195432700
2021-12-20,165.95391845703125,166.76535914150864,163.71513578207376,164.51679054709132,107499100
2021-12-21,169.12144470214844,169.3267401361631,165.3379790393109,167.72341591348743,91185900
2021-12-22,171.71221923828125,171.92730064327637,168.30025960227871,169.170356225191,92135300
2021-12-23,172.337890625,172.8951510094844,171.35048238778492,171.91751377429944,68356600
2021-12-27,176.2972869873047,176.38527073958,173.11019564746687,173.12973764737882,74919600
2021-12-28,175.28054809570312,177.2749361221624,174.5375492742612,176.1311025117923,79144300
2021-12-29,175.3685302734375,176.59057652650236,174.1562550200767,175.31964543980357,62348900
2021-12-30,174.2149200439453,176.53193000592643,174.10737937130014,175.45652327947462,59773000
2021-12-31,173.59901428222656,175.22188041192248,173.29593427269404,174.1073747963206,64062300
2022-01-03,177.93971252441406,178.79026689432098,173.73588518068755,173.85319685203027,104487900
2022-01-04,175.6813507080078,178.84889968411812,175.1143195069881,178.5458346271631,99310400
2022-01-05,171.0082550048828,176.1408490374331,170.7345178498846,175.5933747274367,94537600
2022-01-06,168.15357971191406,171.3797850968752,167.80162976232634,168.83792269234627,96904000
2022-01-07,168.3197784423828,170.24572473108867,167.2052727402814,169.02367835082143,86709100
2022-01-10,168.3393096923828,168.64237476166727,164.4092049558039,165.29885816519484,106765600
2022-01-11,171.1647491455078,171.2625039300376,167.00001940197362,168.46647542797945,76138300
2022-01-12,171.60462951660156,173.21772467571947,170.91051556767007,172.1814317936139,74805200
2022-01-13,168.3393096923828,172.67023424322653,167.94824595979313,171.8490227811223,84505800
2022-01-14,169.19964599609375,169.89375992557677,167.26391395832079,167.50832321300913,80440800
2022-01-18,166.00277709960938,168.6814931182034,165.6214992398613,167.67452813175186,90956700
2022-01-19,162.51263427734375,167.25418085979933,162.22912604138475,166.19833085017333,94815000
2022-01-20,160.83106994628906,165.8854518373375,160.50844792121475,163.24583471657064,91420500
2022-01-21,158.77804565429688,162.61038131219433,158.67050497614542,160.74309086318223,122848900
2022-01-24,158.00570678710938,158.67050778679211,151.24045969712583,156.44149634340394,162294600
2022-01-25,156.20684814453125,159.1202024043847,153.5085752311325,155.4247355135648,115798400
2022-01-26,156.1188507080078,160.713741500623,154.2906743409117,159.84364519078215,108275300
2022-01-27,155.65939331054688,160.17607231774176,154.74041197266266,158.81715723147198,121954600
2022-01-28,166.52093505859375,166.54049197821774,159.15932862262193,162.00425626677838,179935700
2022-01-31,170.87139892578125,171.0864802658057,165.71924760028926,166.3547206203823,115541600
2022-02-01,170.70518493652344,170.93003725349797,168.4566170141108,170.11859681152686,86213900
2022-02-02,171.90773010253906,171.94684394629172,169.45386598046034,170.8421090824681,84914300
2022-02-03,169.03346252441406,172.29878204430065,168.27090671710556,170.57813105955574,89418100
2022-02-04,168.74960327148438,170.42349941150601,167.07570713146276,168.05458991972742,82465400
2022-02-07,168.03497314453125,170.27660749223818,167.33995999905824,169.20962915449093,77251200
2022-02-08,171.13803100585938,171.64705409326743,167.80982151011347,168.10348925040896,74829200
2022-02-09,172.5574493408203,172.91963117728815,171.20658637108463,172.33231049138615,71285000
2022-02-10,168.48529052734375,171.7743370940817,167.92733513885554,170.462637822063,90865900
2022-02-11,165.07875061035156,169.4249914689082,164.4914151129285,168.69082956541044,98670700
2022-02-14,165.31370544433594,165.99892030677,163.04269054419584,163.83558309476697,86185500
2022-02-15,169.14114379882812,169.29776862360237,166.65478818594016,167.3595849608588,62527400
2022-02-16,168.9062042236328,169.67951494494773,166.45899759893967,168.2209893560315,61177400
2022-02-17,165.31370544433594,168.27971865617212,164.91235997613748,167.4182971510757,69589300
2022-02-18,163.76708984375,166.93866044821442,162.68052937533312,166.23387859788448,82772700
2022-02-22,160.85000610351562,163.16995323151656,158.72581758393332,161.49605730830203,91162800
2022-02-23,156.6897430419922,162.64133603328534,156.37649344425944,162.04421705709984,90009200
2022-02-24,159.30337524414062,159.4110529381091,148.7901697172211,149.3579234730035,141147500
2022-02-25,161.36878967285156,161.6330771993794,157.472826482258,160.38010876655954,91974200
2022-02-28,161.63308715820312,161.92675492011216,158.99989062280463,159.61659142915732,95056600
2022-03-01,159.75363159179688,163.08184127413253,158.54961021930214,161.22195543903135,83474400
2022-03-02,163.04270935058594,163.82581854222389,159.5089420061074,160.9185355637426,79724800
2022-03-03,162.71966552734375,165.34307890598984,162.0540324670775,164.91236813214016,76678400
2022-03-04,159.72427368164062,162.05401907314567,158.67687705595137,161.01640589639365,83737200
2022-03-07,155.93601989746094,161.5352302369313,155.68150083148916,159.91028134097652,96418800
2022-03-08,154.1152801513672,159.44040392728598,152.50991327214726,155.46614292973925,131148300
2022-03-09,159.50894165039062,159.95923428896205,156.04370327606966,158.06998280822745,91454900
2022-03-10,155.17247009277344,157.00297572975708,152.68609998585092,156.81698565051138,105342000
2022-03-11,151.46249389648438,155.91641251914996,151.23735509056115,155.57379764949783,96970100
2022-03-14,147.43931579589844,150.86540543880508,146.93030751756515,148.25179027503273,108732100
2022-03-15,151.81491088867188,152.28478532825997,147.20438184151632,147.713390079557,92964300
2022-03-16,156.21987915039062,156.6212246232631,151.19822129277074,153.73352378158447,102300200
2022-03-17,157.22813415527344,157.60011436017203,154.30128444798586,155.26058530967927,75615400
2022-03-18,160.51718139648438,161.00662274780382,156.38629519642316,157.1204572234023,123511700
2022-03-21,161.8875732421875,162.8370903483991,159.56761183816215,160.0570530295471,95811400
2022-03-22,165.25498962402344,165.84231029999864,161.42755456550663,162.01487524148183,81532000
2022-03-23,166.61563110351562,168.99430889731204,164.1096788423283,164.44251031244588,98062700
2022-03-24,170.39407348632812,170.46258749011093,166.61558667077662,167.44762778277175,90131400
2022-03-25,171.03038024902344,171.57855215101324,169.1019802060181,170.20812239603873,80546200
2022-03-28,171.89178466796875,172.019029244763,168.36780145361686,168.53420969754978,90371900
2022-03-29,175.18084716796875,175.22977935165113,172.6161644453855,172.95877935054617,100589400
2022-03-30,174.0159454345703,175.8170856417981,172.96853399467147,174.77947258625517,92633200
2022-03-31,170.9226837158203,174.2704602652505,170.71711180695456,174.08447018974397,103049300
2022-04-01,170.62905883789062,171.18702920461877,168.3091113767006,170.35497284823808,78751300
2022-04-04,174.6717987060547,174.72074581921223,170.75626863844195,170.88352814533914,76468400
2022-04-05,171.36318969726562,174.53477477488693,170.73670541562527,173.7516656886956,73401800
2022-04-06,168.20143127441406,169.96342328033663,166.53733352192953,168.72023795719042,89058800
2022-04-07,168.50486755371094,169.69910564386342,166.26323274049562,167.54556668896316,77594700
2022-04-08,166.49813842773438,168.1524524173325,165.62693350816983,168.1524524173325,76575500
2022-04-11,162.24978637695312,165.46052001953282,162.0050657338506,165.1472853633742,72246700
2022-04-12,164.1194305419922,166.2827523312548,163.1209662888,164.47182881155646,79265200
2022-04-13,166.80160522460938,167.42808955183875,163.24827119923606,163.85517369033073,70618900
2022-04-14,161.79953002929688,167.65325987659003,161.55480933143042,167.01697710019764,75329400
2022-04-18,161.58416748046875,163.08185675186522,160.11584349387897,160.45844346214486,69023900
2022-04-19,163.86492919921875,164.2760730051198,160.4486387361769,161.53519893963082,67723800
2022-04-20,163.6985321044922,165.31369734743882,162.59240492951264,165.19622127922986,67929800
2022-04-21,162.90565490722656,167.90774603308134,162.4064301142371,165.34307817395856,87227800
2022-04-22,158.37342834472656,164.3250370614869,158.08955892864606,162.94482378114378,84882400
2022-04-25,159.44041442871094,159.7242838315626,155.11375480994548,157.71757136622622,96046400
2022-04-26,153.4888153076172,158.91181906878418,153.4105028966986,158.82372320771267,95623200
2022-04-27,153.263671875,156.41566043489684,152.09879906936447,152.61760570667977,88063200
2022-04-28,160.18434143066406,161.0457628626786,155.57379800357486,155.88704759214835,130216800
2022-04-29,154.32083129882812,162.69028026576657,153.9292842451666,158.42235165998022,131747600
2022-05-02,154.62429809570312,154.88858563658798,150.0333364297974,153.40069487713816,123055300
2022-05-03,156.11219787597656,157.31623426694395,153.0189401124905,154.81028218380573,88966500
2022-05-04,162.5140838623047,162.9643614673084,155.89682831665468,156.29817374379095,108256500
2022-05-05,153.45944213867188,160.61507214954577,151.67786848905013,160.38993331507154,130525300
2022-05-06,154.18484497070312,156.30234136161945,151.14584468974874,152.9398334410661,116124600
2022-05-09,149.06759643554688,152.76341048572758,148.50882129057032,151.8811126841976,131577900
2022-05-10,151.4693603515625,153.65548649022554,149.92045170349726,152.4594939260044,115366700
2022-05-11,143.61697387695312,152.39084062039686,142.94055024144134,150.47921836254133,142689800
2022-05-12,139.7545166015625,143.32288335129687,136.06851615454784,139.96039053030978,182602000
2022-05-13,144.2150115966797,145.18553469561974,140.2937279042498,141.74459868206603,113990900
2022-05-16,142.6759033203125,144.616949555646,141.34266624082053,142.68571610317943,86643800
2022-05-17,146.30307006835938,146.82263885480765,143.79343645262884,145.93054340694096,78336300
2022-05-18,138.04876708984375,144.46005783667513,137.14685888931075,143.96009966859182,109742900
2022-05-19,134.6470947265625,138.87227582415818,133.91185397987616,137.1273056487035,136095600
2022-05-20,134.88233947753906,137.93113785871375,130.00034593006458,136.3528207232791,137426100
2022-05-23,140.29371643066406,140.4407585737006,134.941158046499,135.07840236616943,117726300
2022-05-24,137.5978546142578,139.17617200488684,134.62748321427134,138.03899606760518,104132700
2022-05-25,137.7546844482422,138.99968110716551,135.61757730341805,135.70580258630076,92482700
2022-05-26,140.9505615234375,141.4995389264538,134.44123025043575,134.68631051667606,90601500
2022-05-27,146.69520568847656,146.73441193920726,142.4013957458045,142.5288422380691,90978500
2022-05-31,145.91094970703125,147.69514080945274,143.9503080341332,146.1364342695409,103718400
2022-06-01,145.78355407714844,148.75392574652264,144.77380960507372,146.95012359470607,74286600
2022-06-02,148.2343292236328,148.2931460840145,143.96992734384497,144.9208398093746,72348100
2022-06-03,142.51905822753906,145.05808578629097,141.6171647882395,144.0091352358549,88570300
2022-06-06,143.2640838623047,145.6462712304333,142.0484806619193,144.13656879270374,71598400
2022-06-07,145.78355407714844,146.06784060799566,141.26427330966123,141.50935357913772,67808200
2022-06-08,145.04830932617188,146.92071116560922,144.5581488005419,145.65610359122917,53950200
2022-06-09,139.83297729492188,145.0384790561678,139.72514139394366,144.18560463111925,69473000
2022-06-10,134.43141174316406,137.9899664897166,134.36278209908923,137.51941663931075,91437900
2022-06-13,129.28472900390625,132.53938671229503,128.85338540144875,130.25523715092532,122207100
2022-06-14,130.1473846435547,131.25515193955982,128.8925752102517,130.51011351307002,84784300
2022-06-15,132.7648468017578,134.63726323315953,129.5592083618082,131.64728162043858,91533000
2022-06-16,127.50054168701172,129.784691319241,126.50061011925011,129.48079421494845,108123900
2022-06-17,128.97100830078125,130.4611001773296,127.25544681769559,127.51033981148552,134520300
2022-06-21,133.19618225097656,134.36276639582726,130.6963761788774,130.7943992837295,81000500
2022-06-22,132.68643188476562,135.04899374439105,131.27476747959807,132.13743964836019,73409200
2022-06-23,135.54898071289062,135.86267563561398,132.96093402675356,134.1275183400123,72433800
2022-06-24,138.87225341796875,139.117333627322,137.01944763359853,137.1468791706762,89116800
2022-06-27,138.87225341796875,140.66624234545563,138.19582964679236,139.89178050713437,70207900
2022-06-28,134.73533630371094,140.5976523771425,134.61770255675322,139.33304472180774,67083400
2022-06-29,136.49008178710938,137.90174634957765,133.98046254650382,134.75492447437682,66242400
2022-06-30,134.0294952392578,135.6470189893978,131.13755113159218,134.54906419941244,98964500
2022-07-01,136.19598388671875,136.3038197907336,132.9903451154339,133.36285690870372,71051600
2022-07-05,138.7742156982422,138.82323473193733,134.2353254229341,135.05880629688934,73353800
2022-07-06,140.107421875,141.28380363283725,138.30363551574916,138.5683262727769,74064300
2022-07-07,143.469970703125,143.66603189279604,140.4603783389641,140.47017616296918,66253700
2022-07-08,144.14637756347656,144.64635079248632,142.1465295229667,142.40140757015126,64547800
2022-07-11,142.0190887451172,143.7542609845207,140.95054251842944,142.80334848304327,63141600
2022-07-12,142.98959350585938,145.5286208059207,142.19553604555907,142.89155544175705,77588800
2022-07-13,142.6269073486328,143.56800712971256,139.3232154144063,140.17610485424197,71185600
2022-07-14,145.54824829101562,146.01879814456234,140.4309718883509,141.244640047542,78140700
2022-07-15,147.21478271484375,147.8912065060331,145.2835494113212,146.83245817528143,76259900
2022-07-18,144.17584228515625,148.58728756952976,143.8131132788738,147.77361919983474,81420900
2022-07-19,148.02847290039062,148.25394254490203,144.01896354895925,145.0090823866063,82982400
2022-07-20,150.02828979492188,150.6949157224323,147.41083503397257,148.1460756395822,64823400
2022-07-21,152.2928466796875,152.50851845862235,148.94994906470606,151.45956799212024,65086600
2022-07-22,151.05763244628906,153.2045374479934,150.3910214648786,152.3320525114364,66675400
2022-07-25,149.94007873535156,151.9889458272938,149.28326552705713,150.97921649648936,53623900
2022-07-26,148.61663818359375,150.0773065915356,147.83237855759032,149.2636385384265,55138700
2022-07-27,153.7045135498047,154.2338952339947,149.1656377708993,149.5773707705413,78620700
2022-07-28,154.2534942626953,154.53778073211737,151.37134852302864,153.8907653704556,81378700
2022-07-29,159.31192016601562,160.40988958103017,156.36116008489938,158.0669235799792,101786900
2022-08-01,158.33164978027344,160.37071938994356,157.72385550686172,157.84148924790597,67829400
2022-08-02,156.86114501953125,159.21392420256825,156.48863324172908,156.94938527079637,59907000
2022-08-03,162.8607177734375,163.311657015849,157.58658648416494,157.67481177613547,82507500
2022-08-04,162.54701232910156,163.89986001020398,161.19416464799912,162.74307352499065,55474100
2022-08-05,162.32122802734375,162.81206933981917,160.01426786699392,160.22042780912037,56697000
2022-08-08,161.85003662109375,164.73618641729826,161.19231095001098,163.32256080452132,60276900
2022-08-09,161.89907836914062,162.78260161908204,160.2596703687026,161.01557009848563,63135500
2022-08-10,166.1399383544922,166.23809760904007,163.8427901046544,164.60850119483868,70170500
2022-08-11,165.40371704101562,167.85792369494868,165.10920924668594,166.94495103045548,57149200
2022-08-12,168.9475860595703,169.01629605421468,166.29703098384923,166.70935086886797,68039400
2022-08-15,170.01760864257812,170.21394216296972,168.21131628811554,168.3782005294128,54091700
2022-08-16,169.8605194091797,170.52807128910433,168.5156191962962,169.61509878760032,56377100
2022-08-17,171.35267639160156,172.92335934005538,169.4089493149704,169.60528281111644,79542000
2022-08-18,170.96002197265625,171.6962839363271,169.94889007422466,170.56735491708034,62290100
2022-08-19,168.378173828125,170.55751001123525,168.1720139278697,169.8605088981945,70346300
2022-08-22,164.50054931640625,166.74859572706774,164.0784180378036,166.58171149389958,69026800
2022-08-23,164.16677856445312,165.6196796113523,163.5974008535258,164.0195321647684,54147100
2022-08-24,164.46127319335938,165.03065085876125,163.20472075222654,164.2551282502834,53841500
2022-08-25,166.91549682617188,167.0234825149317,165.26627719342727,165.68839353539587,51218200
2022-08-26,160.62289428710938,167.91680343416758,160.56399573070382,167.44560000363606,78961000
2022-08-29,158.42393493652344,159.91608162954805,156.89251255304256,158.19813716461735,73314000
2022-08-30,155.99920654296875,159.58234252318653,154.83100169515882,159.16022613846985,77906200
2022-08-31,154.3401336669922,157.63858767600124,154.2615972644816,157.3735291899389,87991100
2022-09-01,155.06661987304688,155.5181855673853,151.8368751102563,153.77079140207798,74229900
2022-09-02,152.95596313476562,157.42262194968552,152.13135334781393,156.82379496598037,76957800
2022-09-06,151.69940185546875,154.21250676362826,150.8747921160952,153.60386838160778,73714800
2022-09-07,153.10324096679688,153.80022729759784,150.79628062278962,151.9841232844313,87449600
2022-09-08,151.6306915283203,153.49588236025656,149.88328282837716,151.80738719524012,84923800
2022-09-09,154.4874267578125,154.92919602788265,151.91542246010044,152.62223531706266,68028800
2022-09-12,160.43637084960938,161.2511691580026,156.38203213199495,156.6667134786447,104956000
2022-09-13,151.02203369140625,157.5993035102858,150.5606417135221,156.97102730327344,122656600
2022-09-14,152.46511840820312,154.22233860679495,150.79626102566698,151.95463927472932,87965400
2022-09-15,149.57896423339844,152.39640331677907,148.6071081028978,151.81719923234522,90481100
2022-09-16,147.93959045410156,148.577693242223,145.65226780231728,148.44025825358446,162278800
2022-09-19,151.65032958984375,151.72886599832884,146.36888718799335,146.5750321533895,81474200
2022-09-20,154.02597045898438,155.1843635395565,150.2759512881002,150.59008188296497,107689800
2022-09-21,150.90423583984375,155.83228620825895,150.78643873263653,154.45792171393398,101696800
2022-09-22,149.94219970703125,151.6405063427645,148.14571882351763,149.58879338602387,86652500
2022-09-23,147.67449951171875,148.6954577569954,145.83875792782328,148.42058784002563,96029900
2022-09-26,148.00828552246094,150.95333323742267,146.8989794231201,146.91861726875362,93339400
2022-09-27,148.98013305664062,151.88591989139582,147.20329010150107,149.9421927062511,84442700
2022-09-28,147.09532165527344,147.8806707549768,142.1869085062377,144.93562286555536,146691400
2022-09-29,139.87013244628906,144.03247205665744,138.1031007730531,143.42383363893248,128138200
2022-09-30,135.66851806640625,140.4787712884576,135.47218456289696,138.69210195416497,124925300
2022-10-03,139.8406982421875,140.44935170481597,135.16789396191245,135.67837316238783,114311700
2022-10-04,143.42388916015625,143.54168632421022,141.61758109533244,142.37348118303015,87830100
2022-10-05,143.71835327148438,144.68041318278895,140.39044924017614,141.43104557154376,79471000
2022-10-06,142.76608276367188,144.8374334955695,142.5599378213271,143.13912691743977,68402200
2022-10-07,137.52389526367188,140.47876912027488,136.89561907456743,139.9290143479333,85925600
2022-10-10,137.8478546142578,139.2909290851068,136.0317509799681,137.8478546142578,74899000
2022-10-11,136.43423461914062,138.76083241469453,135.68816128454225,137.33738075448184,77033700
2022-10-12,135.80599975585938,137.78900327613292,135.62930403567515,136.5815375836669,70433700
2022-10-13,140.37078857421875,140.95978909716513,131.90867508719168,132.51732843397534,113224000
2022-10-14,135.84521484375,141.87274416009623,135.6586927916983,141.66658426591152,88598000
2022-10-17,139.80137634277344,140.28239107066204,137.70057687397076,138.48592568963068,85250900
2022-10-18,141.11685180664062,144.01281203046764,138.03436952113134,142.8249846575733,99136600
2022-10-19,141.224853515625,142.2948839097448,138.9080820775627,139.09460416043055,61758300
2022-10-20,140.76345825195312,143.21766459219867,140.0370077826972,140.40024050696854,64522000
2022-10-21,144.5723876953125,145.14176534962488,140.03700430524796,140.25297565616944,86548600
2022-10-24,146.7124481201172,147.47815927955588,143.32564645655586,144.49385104011358,75981900
2022-10-25,149.54954528808594,149.6968066869272,146.62413491177585,147.34075911907576,74732300
2022-10-26,146.61431884765625,149.2059606049606,145.32830191392304,148.19482861119383,88194300
2022-10-27,142.14761352539062,146.31976369631963,141.48988811948774,145.35771914522275,109180200
2022-10-28,152.88726806640625,154.6150242142885,145.11234293200243,145.48537216958695,164762400
2022-10-31,150.5312042236328,151.4147275390832,149.13721674827332,150.35450854811523,97943200
2022-11-01,147.89047241210938,152.60255171953904,146.3983256985316,152.2393339638939,80379300
2022-11-02,142.37342834472656,149.3826416112209,142.34397906464244,146.22162239502856,93604600
2022-11-03,136.3361053466797,140.18429993575015,136.20848179558848,139.4578493069626,97918500
2022-11-04,136.07057189941406,140.28896920604143,132.1373281619349,139.71864706361086,140814800
2022-11-07,136.60159301757812,136.82775039724396,133.40583154940404,134.82180210827255,83374600
2022-11-08,137.1719207763672,139.0697043062685,135.19547054516553,138.06673762400212,89908500
2022-11-09,132.619140625,136.23773265765962,132.34381476431366,136.18856411022261,74917800
2022-11-10,144.41891479492188,144.41891479492188,137.17191586897493,138.88288280173376,118854000
2022-11-11,147.20166015625,147.50648417895965,141.96061049585242,143.38642351170455,93979700
2022-11-14,145.80535888671875,147.77198095425382,144.96953850636208,146.48384590068005,73374100
2022-11-15,147.53598022460938,151.02673737922098,146.08068410249945,149.67960607049233,89868300
2022-11-16,146.3068389892578,147.36881668355312,144.83187247009243,146.6411761367448,64218300
2022-11-17,148.20465087890625,148.95196191687904,143.71091192910288,143.98623783804743,80389400
2022-11-18,148.76510620117188,150.15157823399846,147.4671435564981,149.7680875657841,74829600
2022-11-21,145.53985595703125,147.86047052115927,145.25470236836378,147.65398361312236,58724100
2022-11-22,147.6736602783203,147.909660354169,144.47789906303868,145.65788443814483,51804100
2022-11-23,148.54881286621094,149.29612388958984,146.84767388557262,146.95583870512687,58301400
2022-11-25,145.63818359375,146.3953372169929,144.66470036386627,145.8348427804778,35195900
2022-11-28,141.81312561035156,144.19273663104678,140.98714790150922,142.71777000634125,69246000
2022-11-29,138.8140106201172,142.39326202258005,138.00770341068628,141.8819361067611,83763800
2022-11-30,145.55953979492188,146.23802684928043,138.2043770255708,139.04018245155586,111380900
2022-12-01,145.83486938476562,146.64119170281938,144.16324348642758,145.73654727553216,71250400
2022-12-02,145.34323120117188,145.53006273642814,143.21927533321448,143.52411441944975,65447400
2022-12-05,144.18292236328125,148.40132070138284,143.33727415278167,145.30389650239576,68826400
2022-12-06,140.52499389648438,144.8417290558683,139.55151049910586,144.61557170242608,64727200
2022-12-07,138.58786010742188,140.97729872796708,137.6635453309665,139.81699890501977,69721100
2022-12-08,140.2693328857422,141.12482380942538,138.7452125702619,139.98417924727298,62128300
2022-12-09,139.78750610351562,143.14060047218985,138.54852454565471,139.96449489513216,76097000
2022-12-12,142.07862854003906,142.08845624970894,138.70586361029962,140.31849324023466,70462700
2022-12-13,143.04225158691406,147.46715106267968,141.83278326469596,147.00499369488003,93886200
2022-12-14,140.81997680664062,144.21239680146076,138.80418622868987,142.9242617747897,82291200
2022-12-15,134.2219696044922,139.43352160827794,133.7598121718234,138.75503452609877,98931900
2022-12-16,132.26515197753906,135.35274779526193,131.49817062820333,134.4087776749108,160156900
2022-12-19,130.16087341308594,132.94364536804903,129.12840885731634,132.8551509782634,79592600
2022-12-20,130.092041015625,131.02618341248566,127.72225803734129,129.19722445474264,77432800
2022-12-21,133.18948364257812,134.52678732015247,130.5345467103143,130.76070405901197,85928000
2022-12-22,130.02320861816406,132.31432503613755,128.1254256005218,132.10783812958184,77852100
2022-12-23,129.65940856933594,130.21006041152802,127.47645662054781,128.7350936895975,63814900
2022-12-27,127.85993957519531,129.21691367798962,126.57180445054807,129.18741554567987,69007800
2022-12-28,123.9365234375,128.8432433891337,123.76936236246999,127.505939784758,85438400
2022-12-29,127.44695281982422,128.30242867918332,125.5983306446105,125.8539861302219,75703700
2022-12-30,127.76162719726562,127.78129762399215,125.30335650339804,126.2670048571161,77034200
2023-01-03,122.98271942138672,128.7154174535332,122.09773792777466,128.10576937065363,112117500
2023-01-04,124.25118255615234,126.51280092971427,122.9925456360047,124.77233620258212,89113600
2023-01-05,122.93356323242188,125.6376690392261,122.67790772126833,125.0083504698081,80962700
2023-01-06,127.4567642211914,128.11558077623516,122.80570749443298,123.90701849100518,87754700
2023-01-09,127.97797393798828,131.18357873543894,127.72231837302272,128.29264079099946,70790800
2023-01-10,128.5482635498047,129.06941726347972,125.98182082594903,128.08610610497774,63896200
2023-01-11,131.26220703125,131.28186245070447,128.28277553296553,129.0595847172529,69458900
2023-01-12,131.18353271484375,132.0193381171801,129.24640871746402,131.6456901154858,71379600
2023-01-13,132.510986328125,132.6683196907436,129.46273119909978,129.82655147153693,57809700
2023-01-17,133.67132568359375,134.99878678874634,131.89153482883353,132.57984966159466,63646600
2023-01-18,132.9534912109375,136.29674271738915,132.7764874230637,134.53662257229425,69672800
2023-01-19,133.01246643066406,133.97610688822573,131.53750011629828,131.84232408727254,58280400
2023-01-20,135.56907653808594,135.71658218378784,131.97999755468973,133.02230476612493,80223600
2023-01-23,138.75502014160156,140.92814412125819,135.59858513124948,135.81491475833332,81760300
2023-01-24,140.1513214111328,140.77081216801105,137.95854199183503,137.9683697007518,66435100
2023-01-25,139.4925079345703,140.0529874380773,136.49340619294276,138.53869500355867,65799300
2023-01-26,141.5574493408203,141.8426029112318,139.53181620357194,140.78062529691158,54105100
2023-01-27,143.49456787109375,144.77287517943125,140.69214050710963,140.77080718806803,70555800
2023-01-30,140.61349487304688,143.12094131391822,140.46600420175812,142.54079133466578,64015300
2023-01-31,141.8819580078125,141.93112656571586,139.90550801485074,140.31849689379183,65874500
2023-02-01,143.00294494628906,144.16325999959267,138.96155019582764,141.56731895311415,77663600
2023-02-02,148.302978515625,148.65695608667727,145.69719525256042,146.41500811186492,118339000
2023-02-03,151.92152404785156,154.75346405472618,145.36284257715545,145.55950174338113,154357300
2023-02-06,149.19775390625,150.5448999991755,148.2636115818144,150.02374643909673,69858300
2023-02-07,152.06906127929688,152.63938353904294,148.12598902287087,148.12598902287087,83322600
2023-02-08,149.38458251953125,152.0001929813135,148.64709938209035,151.31187838719524,64120100
2023-02-09,148.3521270751953,151.75438976697808,147.9096401221254,151.21356571138807,56007100
2023-02-10,148.71652221679688,149.04151212756338,146.95371454850684,147.19007494553122,57450700
2023-02-13,151.51341247558594,151.91717418893083,148.62790397291747,148.65744714640496,62199000
2023-02-14,150.87327575683594,151.4346261088162,148.568818055862,149.80967642706798,61707600
2023-02-15,152.9709014892578,153.1383177826238,150.55811427879883,150.78461690781828,65573800
2023-02-16,151.3755340576172,153.95573796607766,151.02100096105386,151.17855953849067,68167900
2023-02-17,150.23313903808594,150.67630162569367,148.55896091432058,150.03617955770974,59144100
2023-02-21,146.2249298095703,149.0021077790729,146.15600076088242,147.91880821074704,58867200
2023-02-22,146.6484375,147.67263591965713,144.9250155718982,146.60903658364012,51011300
2023-02-23,147.1309814453125,148.05670759936388,145.00379786650186,147.8105044744373,48394200
2023-02-24,144.48182678222656,144.95453250364176,143.50685714395402,144.87574571223192,55469600
2023-02-27,145.6734619140625,146.90447752822308,145.21059884097443,145.46665970602933,44998500
2023-02-28,145.17120361328125,146.8158385647427,144.6000106018143,144.8166705381309,50547000
2023-03-01,143.1031036376953,144.99394185647634,142.80765687884437,144.600022862706,55479000
2023-03-02,143.6939697265625,144.48182259076125,141.71448733904464,142.18720807379,52238100
2023-03-03,148.73622131347656,148.81500811176437,145.09241829817535,145.79162671403117,70732300
2023-03-06,151.49368286132812,153.9261705239575,151.12930710707832,151.4542819528968,87558000
2023-03-07,149.297607421875,151.69069500723498,148.83474426282984,151.36570502149803,56182000
2023-03-08,150.5482635498047,151.1391569879468,149.5240652876753,150.48917721139935,47204800
2023-03-09,148.3029022216797,152.1929083670859,147.9483691410299,151.2277963802791,53833600
2023-03-10,146.24468994140625,148.6476353993169,145.36820721556668,147.92872631626975,68572400
2023-03-13,148.18470764160156,150.81415467329558,145.4567733693173,145.56510332314932,84457100
2023-03-14,150.2725067138672,151.07020228030825,147.82033368029548,148.98240499263105,73695900
2023-03-15,150.66644287109375,150.92248866561948,147.64306182318006,148.89377768233683,77167900
2023-03-16,153.48300170898438,154.08373780814682,149.33693534803646,149.84904194741503,76161100
2023-03-17,152.6459197998047,154.35949876084172,151.93685367986137,153.70951897971963,98944600
2023-03-20,155.00949096679688,155.42312546588803,151.80885014610277,152.71489092530072,73641400
2023-03-21,156.86093139648438,156.9791040860205,154.16253977805687,154.93070734117964,73938300
2023-03-22,155.4329376220703,159.6774765177441,155.41323716716616,156.88061300312046,75701800
2023-03-23,156.5162353515625,159.0964541870748,155.28521978995877,156.41776312286146,67622100
2023-03-24,157.81619262695312,157.90482213956633,155.45264879499626,156.44730394409444,59196500
2023-03-27,155.8760986328125,158.3282868109909,155.4723219600322,157.5108907515981,52390300
2023-03-28,155.2556610107422,156.08291480553032,153.61102618902072,155.57080817581272,45992200
2023-03-29,158.32830810546875,158.60405440029712,156.92987617396892,156.94956160428092,51305700
2023-03-30,159.89414978027344,160.00247975071784,158.82070781762587,159.07675364456477,49501700
2023-03-31,162.3955535888672,162.4940408365555,159.45097422374334,159.9729235769942,68749800
2023-04-03,163.64625549316406,163.76442815863666,161.7258745440201,161.775118163648,56976200
2023-04-04,163.11448669433594,164.30610131295074,162.60238002597387,164.06975594835677,46278300
2023-04-05,161.2728729248047,162.54328933366952,159.34264903941414,162.2379998945446,51511700
2023-04-06,162.1592254638672,162.45467221127325,159.53962067833683,159.96308282888376,45390100
2023-04-10,159.56918334960938,159.56918334960938,157.64880179736934,158.96844706639095,47716900
2023-04-11,158.35784912109375,159.89415417908276,158.07224508795338,159.88431146406083,47644200
2023-04-12,157.66848754882812,159.59871163720814,157.35334033527027,158.77147274218814,50133100
2023-04-13,163.04554748535156,163.28190788405584,158.96842452673738,159.1752417539843,68445600
2023-04-14,162.7008514404297,163.79399372639534,161.33196290458474,162.09025757823102,49386500
2023-04-17,162.72055053710938,162.8781241294329,161.53877864877254,162.5826774005875,41516200
2023-04-18,163.94174194335938,164.86746811951792,163.13418846133288,163.57736611842117,49923000
2023-04-19,165.08409118652344,165.60604050503213,163.0258220523767,163.28188286850465,47720200
2023-04-20,164.1189727783203,165.3204450523275,163.04553091898333,163.56748026442403,52456400
2023-04-21,162.51376342773438,163.92203809382642,161.99181400338804,162.54330660065614,58337300
2023-04-24,162.8190155029297,163.08491902519904,161.4008834202169,162.49402564838778,41949600
2023-04-25,161.28271484375,163.7841314779638,161.24331393654106,162.6811465088041,48714100
2023-04-26,161.2728729248047,162.76979197769046,160.32746143764658,160.58350725145092,45498800
2023-04-27,165.85226440429688,165.9999802574992,162.6811671878293,162.6811671878293,64902300
2023-04-28,167.1029815673828,167.27041291997128,165.33033104891717,165.93106728858945,55275900
2023-05-01,167.0143585205078,167.86129792357815,166.07878959348815,166.70906903109534,52472900
2023-05-02,165.9803009033203,167.76282424517206,164.99548835131355,167.5067633643402,48425700
2023-05-03,164.90682983398438,168.32412999077732,164.62124085601573,166.9256982160475,65136000
2023-05-04,163.2720489501953,164.50306450874902,161.81453073644045,162.3857237588548,81235400
2023-05-05,170.93389892578125,171.65280778469676,168.1665634032941,168.38322333782398,113453200
2023-05-08,170.8649444580078,171.20963479482143,169.49605587870553,169.86043164324718,55962800
2023-05-09,169.1612091064453,170.90431601807424,168.99379282252266,170.42176761942747,45326900
2023-05-10,170.92405700683594,171.38692008917508,169.28926463206565,170.3922648627901,53724500
2023-05-11,171.1111602783203,171.93839911576495,169.5551548305296,171.20964753246403,49514700
2023-05-12,170.1841583251953,171.653548851867,168.6358569767775,171.21962961924467,45533100
2023-05-15,169.69105529785156,170.81529363826058,169.09934457223466,170.76598190315437,37266700
2023-05-16,169.69105529785156,170.74625419954612,169.42478396654107,169.61215953124739,42110300
2023-05-17,170.30247497558594,170.53914722242257,168.06385467134209,169.3360281894031,57951600
2023-05-18,172.62985229492188,172.81722786089622,170.19400003291315,170.60819152451643,65496700
2023-05-19,172.73834228515625,173.9513327998332,172.5213826746833,173.9513327998332,55809500
2023-05-22,171.7916259765625,172.2945846931845,171.0519949677244,171.57466634347682,43570900
2023-05-23,169.1881103515625,170.9829553293692,168.9119826700276,170.7364116817252,50747300
2023-05-24,169.46424865722656,170.03623176135926,168.16250594092847,168.72461766792532,45143500
2023-05-25,170.59835815429688,171.49576564962197,169.31632809947834,170.02637505144457,56058300
2023-05-26,173.00460815429688,173.33991896491864,170.71669083708804,170.92379413047703,54835000
2023-05-30,174.8487548828125,176.51539231960112,174.12885165758402,174.51345913931758,55964400
2023-05-31,174.7994384765625,176.87041104464083,174.3162075312564,174.87833424607143,99625300
2023-06-01,177.6001739501953,177.62975798334406,174.4838587106697,175.24321733975688,68901800
2023-06-02,178.44830322265625,179.26683000310032,176.7816656255451,178.52719900186148,61996900
2023-06-05,177.09725952148438,182.39301299737724,175.57854201305094,180.1050954524954,121946500
2023-06-06,176.7323455810547,177.62975297431,174.97694105936182,177.4818328127375,64848400
2023-06-07,175.361572265625,178.70470351330488,174.8684849721747,175.97299569419778,61944600
2023-06-08,178.0735626220703,178.33981894141047,175.0065588784877,175.44046308150416,50214900
2023-06-09,178.45816040039062,179.71059129506313,178.13272098000036,178.99068805786467,48900000
2023-06-12,181.24903869628906,181.34766218390052,178.468033910057,178.76388932505995,54274900
2023-06-13,180.77566528320312,181.60404834381112,179.91769818813273,180.2727216495119,54929100
2023-06-14,181.40679931640625,181.84071851135664,179.50348972235338,180.83481629104696,57462900
2023-06-15,183.43833923339844,183.94129793003785,181.23917400121888,181.4166932611595,65433200
2023-06-16,182.36338806152344,184.40477651433866,181.72238065098958,184.1483615118621,101256200
2023-06-20,182.45216369628906,183.52710548415504,181.86046794433722,181.86046794433722,49799100
2023-06-21,181.4167022705078,182.84665255889604,180.06563271508736,182.34369383727915,49515700
2023-06-22,184.41464233398438,184.46395407144706,181.1306792503188,181.19971869233248,51245300
2023-06-23,184.09910583496094,184.9669444808385,182.45219571223123,182.98473853505004,53117000
2023-06-26,182.70855712890625,185.45012108460458,182.66910172140945,184.24698696904443,48088700
2023-06-27,185.45997619628906,185.78541559077308,183.10301971608257,183.31997931240525,50730800
2023-06-28,186.63351440429688,187.2745217767789,185.00633258317922,185.33175690914044,51216800
2023-06-29,186.96885681152344,187.44223149955704,186.3278492789131,186.46591313429835,46347300
2023-06-30,191.28826904296875,191.79121262094537,188.61572952588827,188.9806243235532,85213200
2023-07-03,189.79917907714844,191.19954526937022,189.10884478636748,191.10092178559267,31458200
2023-07-05,188.68479919433594,190.31198136153697,187.98460856583768,188.92148652956726,46920300
2023-07-06,189.15817260742188,189.36527592182694,186.58425595947688,187.21540718494302,45094300
2023-07-07,188.04376220703125,190.0062550438309,187.60985803081866,188.7636804868427,46815000
2023-07-10,186.0023956298828,187.36332142042107,184.4540942539423,186.6434031135775,59922200
2023-07-11,185.47972106933594,186.68285528837708,184.02018687082855,186.5447914459214,46638100
2023-07-12,187.1463623046875,189.04967210294507,185.86433228601203,187.05759515232103,60750200
2023-07-13,187.9056854248047,188.5467078881079,187.15619821079162,187.86624506525828,41342300
2023-07-14,188.05364990234375,188.53686585918993,187.00830716161786,187.6000029338883,41616200
2023-07-17,191.30799865722656,191.63343805134278,189.15813040004866,189.24688249449068,50520200
2023-07-18,191.05162048339844,191.6433313227349,189.75973403360663,190.67688432979497,48288200
2023-07-19,192.4026641845703,195.48938034906212,189.9865244553515,190.4303150490968,80507300
2023-07-20,190.4599151611328,193.7537348839622,189.8386203157028,192.39280905028917,59581200
2023-07-21,189.286376953125,192.2744851317762,188.58618628535973,191.41651794617295,71951700
2023-07-24,190.08517456054688,192.2153155367517,189.59208720760122,190.73605347791477,45377800
2023-07-25,190.943115234375,191.75178560391285,190.2527960456413,190.65713123041024,37283200
2023-07-26,191.81092834472656,192.93516660303447,190.64724972991124,190.99240175479122,47471900
2023-07-27,190.5486297607422,194.47359988570312,189.88789468037692,193.30992124955094,47460200
2023-07-28,193.12257385253906,193.91151654263126,191.4559363697747,191.97860770429688,48291400
2023-07-31,193.73399353027344,193.77344894031904,192.56044337061044,193.34938604539337,38824100
2023-08-01,192.9056396484375,194.01015053136803,192.58020018161,193.52693454400202,35175100
2023-08-02,189.9175262451172,192.48157144604934,189.19762292480593,192.34350758944402,50389300
2023-08-03,188.52700805664062,189.71041463976601,188.0536484329567,188.92148694956984,61235200
2023-08-04,179.47390747070312,184.78938756590674,179.4048680308995,182.95510234495143,115956800
2023-08-07,176.3773651123047,180.59819195946366,174.8981029449032,179.612017181196,97576100
2023-08-08,177.31419372558594,177.77769698523286,175.12488493894773,177.205713919119,67823000
2023-08-09,175.72647094726562,178.42857997538025,174.5627769846933,178.36941190145535,60378500
2023-08-10,175.50949096679688,178.25105509162734,175.14461118800062,176.99860916334498,54686900
2023-08-11,175.56871032714844,176.3883422330506,174.34421235488568,175.1045963031813,52036700
2023-08-14,177.21788024902344,177.44500246999712,175.09473274674426,175.74649049543365,43675600
2023-08-15,175.23300170898438,177.23763842738072,174.8380051896738,176.64514364841483,43622600
2023-08-16,174.36399841308594,176.30937200366554,174.29486573787133,174.91699954220002,46964900
2023-08-17,171.82611083984375,175.29225282363015,171.31260330101006,174.92688028330798,66062900
2023-08-18,172.30999755859375,172.9123770667114,169.8116075662743,170.14735612669347,61172200
2023-08-21,173.6431121826172,173.92949746098708,171.56935789788312,172.88274314562352,46311900
2023-08-22,175.0157470703125,175.46012191641384,174.04799506153495,174.8478727981476,42038900
2023-08-23,178.85716247558594,179.2817980823254,176.10202612434662,176.289654759779,52722800
2023-08-24,174.17636108398438,178.83739189345877,173.81097351698816,178.41275636104422,54945800
2023-08-25,176.37850952148438,176.91175631972774,173.62337343895007,175.16388093182096,51449600
2023-08-28,177.93878173828125,178.33377827348758,176.31927183489213,177.8400250704037,43820700
2023-08-29,181.8196563720703,182.58991008586239,177.2573820568172,177.45488030453177,53003900
2023-08-30,185.3055419921875,185.50305529692773,182.43191025327192,182.62940848986258,60813900
2023-08-31,185.52279663085938,186.75717945843076,185.1376697913831,185.49317264844964,60794500
2023-09-01,187.0929718017578,187.54721631397274,185.92770639795236,187.12259578872172,45766500
2023-09-05,187.32994079589844,187.6064413525269,185.26605625958229,185.92768366781115,45280000
2023-09-06,180.6248016357422,186.49059214043663,179.20278998997966,186.0462022000218,81755800
2023-09-07,175.3416290283203,175.98351721110967,171.3718491931888,172.99135904079122,112488800
2023-09-08,175.95388793945312,177.9881638364286,175.56876103562882,176.121777292026,65551300
2023-09-11,177.11911010742188,178.0473683330804,175.12434339280344,177.82024612940288,58953100
2023-09-12,174.0973663330078,177.87951732730735,172.6358612060169,177.24751388848827,90370200
2023-09-13,172.03347778320312,175.08486860955094,171.8063404869434,174.30473020059844,84267900
2023-09-14,173.54440307617188,173.89990602984025,171.4113853541615,171.82613628874898,60895800
2023-09-15,172.823486328125,174.29487626046748,171.64836639188815,174.27512191376346,109259500
2023-09-18,175.74649047851562,177.13887792290447,173.9689761950564,174.2751007250675,67257600
2023-09-19,176.832763671875,177.38576479928514,174.91699900323943,175.30212586469654,51826900
2023-09-20,173.2975311279297,177.4549252951043,173.2086440859945,177.02041999908084,58436200
2023-09-21,171.7569580078125,174.0973581099587,171.6878404044714,172.36922214048295,63149100
2023-09-22,172.60621643066406,174.86761425499944,171.87547142547365,172.48772049861157,56725400
2023-09-25,173.88009643554688,174.75897636563758,171.97420160197885,172.02357992644104,46172700
2023-09-26,169.81161499023438,173.01112622988728,169.5153600429677,172.63588402695854,64588900
2023-09-27,168.3007049560547,170.87809720821267,166.93795639924983,170.4633463371719,66921800
2023-09-28,168.5574493408203,169.88070413963854,165.52579782856736,167.22430983558627,56294400
2023-09-29,169.0709686279297,170.90773103963988,168.21182785802986,169.87084635964763,51861100
2023-10-02,171.57919311523438,172.12232450994816,168.79441854678254,169.0808037676989,52164500
2023-10-03,170.24610900878906,171.46075281316274,168.6858620497557,170.10785870603348,49594600
2023-10-04,171.49034118652344,172.03347264460572,168.83394692911625,168.95244285882518,53020300
2023-10-05,172.72471618652344,173.25796291419545,170.5225664715738,171.61869897615148,48527900
2023-10-06,175.2725067138672,175.76625988669193,171.0163417068709,171.6286058875163,57266700
2023-10-09,176.75376892089844,176.81301689163445,173.60362121945622,174.6009972191987,42390800
2023-10-10,176.16123962402344,177.4746247468579,175.72673446240606,175.87486944103904,43698000
2023-10-11,177.5536346435547,177.60301297187604,175.3811238107674,175.9736185461729,47551100
2023-10-12,178.45225524902344,180.06188013769966,176.80310660532254,177.82025187235598,56743100
2023-10-13,176.6155242919922,179.65703072033497,175.91438812346496,179.15340788479125,51427100
2023-10-16,176.48712158203125,176.84262444155877,174.3047260977915,174.5417330268598,52517000
2023-10-17,174.93673706054688,176.19087429527403,172.61610626933813,174.44298390478113,57549400
2023-10-18,173.6431121826172,175.36137864838344,172.9222367694585,173.3863659573123,54764400
2023-10-19,173.26785278320312,175.61810740546204,173.00122187734726,173.84059314667203,59302900
2023-10-20,170.7200927734375,173.22835212793277,170.4830858385587,173.11972583296543,64244000
2023-10-23,170.83859252929688,171.8359684831129,167.80694090892598,168.77470794688867,55980100
2023-10-24,171.27308654785156,171.50020876645127,169.3079436842464,170.8879597127696,43816600
2023-10-25,168.9623260498047,170.8978298690587,168.51793618108192,169.7325797223047,57157000
2023-10-26,164.80491638183594,169.23882483986895,163.60015755926395,168.24143389027685,70625300
2023-10-27,166.1183319091797,166.8490920877316,164.74569858206283,164.8247009041889,58499100
2023-10-30,168.16246032714844,169.03147079181505,166.76020302980592,166.90833803254793,51131000
2023-10-31,168.63645935058594,168.76482492650203,165.80230595130433,167.23420217717043,44846000
2023-11-01,171.7964630126953,172.0532092124064,167.99455793411695,168.86356825336904,56934900
2023-11-02,175.3514862060547,175.55885407348563,173.2678474852133,173.32709544733643,77334800
2023-11-03,174.44297790527344,174.61086723243213,171.1842192438163,172.06309922812656,79829200
2023-11-06,176.9907684326172,177.1882666996337,174.0085099439187,174.1763842242903,63841300
2023-11-07,179.54843139648438,180.1606805785339,176.7340319643902,176.94139988237026,70530000
2023-11-08,180.6050262451172,181.15802736111343,179.32126504404005,180.07177947416378,49340300
2023-11-09,180.1310272216797,181.81965455110011,179.53851741631973,180.67415869856794,53763500
2023-11-10,184.31365966796875,184.48177017271385,181.47578777634308,181.91086536697577,66133400
2023-11-13,182.73158264160156,183.9478113332898,182.14818998578377,183.7401702602705,43627500
2023-11-14,185.34205627441406,186.0045554032819,184.21481647353394,185.59914075952597,60108400
2023-11-15,185.9056396484375,187.3789678351275,185.67821821290843,185.74744196041772,53790500
2023-11-16,187.58665466308594,188.82266388785246,186.5385061665612,187.4482222334322,54412900
2023-11-17,187.5668487548828,188.24912816814668,186.4593894684262,188.12057839811112,50922700
2023-11-20,189.30714416503906,189.76200213676566,187.75472463510502,187.76460727588125,46505100
2023-11-21,188.50619506835938,189.3763501912699,187.61627466574618,189.26758080090607,38134500
2023-11-22,189.16873168945312,190.77059476808083,188.69410838615653,189.34672485819107,39617700
2023-11-24,187.84371948242188,188.76330300712377,187.13177703645835,188.73363999587542,24048300
2023-11-27,187.66571044921875,188.5358656068872,186.7856726513042,187.79426021241986,40552600
2023-11-28,188.26889038085938,188.9412871423915,187.28008315178343,187.6558347269926,38415400
2023-11-29,187.25042724609375,189.9399842182602,186.85491037465812,188.7633011569372,43014200
2023-11-30,187.82394409179688,188.18981305356235,186.08364867108205,187.71517468500207,48794400
2023-12-01,189.0995330810547,189.4159436040849,187.11202054575708,188.19971472368132,45704800
2023-12-04,187.30975341796875,187.92282418358675,185.35191925319242,187.85360043262926,43389500
2023-12-05,191.25509643554688,192.2241233156588,188.05135551468544,188.081033613139,66628400
2023-12-06,190.1674346923828,192.58011192579394,189.95977851245675,192.27358406476233,41089700
2023-12-07,192.09561157226562,192.817436726138,191.42321471638212,191.4627754603769,47477700
2023-12-08,193.51947021484375,193.79633503305183,191.50229501018384,192.0263616366492,53406400
2023-12-11,191.01779174804688,191.3243346926335,189.27749628821252,190.9485830810774,60943700
2023-12-12,192.5306854248047,192.54056806660662,189.57414602172835,190.9189246189266,52696900
2023-12-13,195.7443084716797,195.78385412672148,192.66911702808835,192.90642113434447,70404200
2023-12-14,195.8926239013672,197.3857175620074,193.964452594447,195.8036348613561,66831600
2023-12-15,195.3586883544922,196.17938523204796,194.7950608853233,195.3191276085836,128538400
2023-12-18,193.69744873046875,194.42917151631295,192.214237877434,193.89520715993984,55751900
2023-12-19,194.73573303222656,194.74561567460933,193.6974822378966,193.964464462268,40714100
2023-12-20,192.64935302734375,195.46744514462725,192.64935302734375,194.69617655774934,52242800
2023-12-21,192.5009765625,194.8741228719849,191.33419132020353,193.9050960501454,46482500
2023-12-22,191.43307495117188,193.22281352230834,190.8101216032956,192.99537700889314,37149600
2023-12-26,190.88926696777344,191.71986154255086,190.67172813799795,191.44299668429173,28919300
2023-12-27,190.98814392089844,191.33423254727063,188.95120308408815,190.3355425015734,48087700
2023-12-28,191.41334533691406,192.48125917871982,191.0079306668944,191.96707508718282,34049900
2023-12-29,190.3750457763672,192.22411038080966,189.5839970121992,191.7297067892047,42672100
